PMID,Title,Authors,Citation,First Author,Journal/Book,Publication Year,Create Date,PMCID,NIHMS ID,DOI
"38774927","Impact of the COVID-19 pandemic on type 2 diabetes care and factors associated with care disruption in Kenya and Tanzania","Sanya RE, Karugu CH, Binyaruka P, Mohamed SF, Kisia L, Kibe P, Mashasi I, Mhalu G, Bunn C, Deidda M, Mair FS, Grieve E, Gray CM, Mtenga S, Asiki G.","Glob Health Action. 2024 Dec 31;17(1):2345970. doi: 10.1080/16549716.2024.2345970. Epub 2024 May 22.","Sanya RE","Glob Health Action","2024","2024/05/22","PMC11123500","","10.1080/16549716.2024.2345970"
"39744350","Influence of government policies on handwashing and vaccine uptake in Kenya, Uganda, and Tanzania to prevent and control COVID-19: a systematic review","Muchangi JM, Mturi J, Mukasa H, Kithuki K, Kosgei SJ, Kanyangi LM, Moraro R, Kamau S, Nankanja M.","Front Public Health. 2024 Dec 18;12:1417866. doi: 10.3389/fpubh.2024.1417866. eCollection 2024.","Muchangi JM","Front Public Health","2024","2025/01/02","PMC11689279","","10.3389/fpubh.2024.1417866"
"39206003","COVID-19 vaccine preferences for pregnant and lactating women in Bangladesh and Kenya: a qualitative study","Schue JL, Fesshaye B, Miller E, Singh P, Limaye RJ.","Front Public Health. 2024 Aug 14;12:1412878. doi: 10.3389/fpubh.2024.1412878. eCollection 2024.","Schue JL","Front Public Health","2024","2024/08/29","PMC11349526","","10.3389/fpubh.2024.1412878"
"40018572","Economic impact of COVID-19 on patients with type 2 diabetes in Kenya and Tanzania: a costing analysis","Karugu CH, Binyaruka P, Ilboudo PG, Sanya RE, Mohamed SF, Kisia L, Kibe P, Mashiashi I, Bunn C, Mair F, Agyemang C, Mtenga SM, Asiki G, Gray CM, Grieve E, Deidda M.","BMJ Public Health. 2024 Aug 24;2(2):e000383. doi: 10.1136/bmjph-2023-000383. eCollection 2024 Dec.","Karugu CH","BMJ Public Health","2024","2025/02/28","PMC11816087","","10.1136/bmjph-2023-000383"
"39726648","Behavioral and social predictors of COVID-19 vaccine uptake among persons with disabilities in Kenya","Muchangi JM, Moraro R, Omogi J, Alasmari A, Simiyu S, Bolio A, Kanyangi L, Mwema R, Bukania R, Kosgei S.","Front Public Health. 2024 Dec 12;12:1472677. doi: 10.3389/fpubh.2024.1472677. eCollection 2024.","Muchangi JM","Front Public Health","2024","2024/12/27","PMC11670253","","10.3389/fpubh.2024.1472677"
"39530877","Azithromycin Resistance Patterns in Escherichia coli and Shigella before and after COVID-19, Kenya","Odundo EA, Kipkirui EC, Koech MC, Kirui MC, Kirera RK, Kipkemoi NC, Ndonye JN, Ragalo A, Kigen CK, Muturi JW, Onyonyi VN, Kimita G, Muthanje EK, Hetrich MK, Mahugu EW, Tiwari KK, Smith HJ.","Emerg Infect Dis. 2024 Oct;30(14):86-93. doi: 10.3201/eid3014.240374.","Odundo EA","Emerg Infect Dis","2024","2024/11/12","PMC11559570","","10.3201/eid3014.240374"
"39264960","Evaluation of hydroxychloroquine or chloroquine for the prevention of COVID-19 (COPCOV): A double-blind, randomised, placebo-controlled trial","Schilling WHK, Mukaka M, Callery JJ, Llewelyn MJ, Cruz CV, Dhorda M, Ngernseng T, Waithira N, Ekkapongpisit M, Watson JA, Chandna A, Nelwan EJ, Hamers RL, Etyang A, Beg MA, Sow S, Yavo W, Allabi AC, Basnyat B, Sharma SK, Amofa-Sekyi M, Yonga P, Adler A, Yuentrakul P, Cope T, Thaipadungpanit J, Rienpradub P, Imwong M, Abdad MY, Blacksell SD, Tarning J, Goudjo FF, Dossou AD, Konaté-Touré A, Assi SB, Ouffoué K, Nasronudin N, Rachman BE, Romadhon PZ, Dewanto DD, Heryana MO, Novi T, Pasaribu AP, Mutiara M, Nasution MPR, Khairunnisa K, Dalimunthe FA, Airlangga E, Fahrezzy A, Subronto Y, Ananda NR, Rahardjani M, Rimainar A, Lucinde RK, Timbwa M, Onyango OE, Agutu C, Akech S, Hamaluba M, Kipyego J, Ngachi O, Haidara FC, Traoré OY, Diarra F, Khanal B, Dahal P, Shrestha S, Rijal S, Kabore Y, Adehossi E, Guindo O, Qamar FN, Kazi AM, Woodrow CJ, Laird S, Cheeba M, Ayles H, Cheah PY, Taylor WRJ, Batty EM, Chotivanich K, Pukrittayakamee S, Phumratanaprapin W, von Seidlein L, Dondorp A, Day NPJ, White NJ; COPCOV Collaborative Group.","PLoS Med. 2024 Sep 12;21(9):e1004428. doi: 10.1371/journal.pmed.1004428. eCollection 2024 Sep.","Schilling WHK","PLoS Med","2024","2024/09/12","PMC11392261","","10.1371/journal.pmed.1004428"
"38964841","Describing the effect of COVID-19 on sexual and healthcare-seeking behaviours of men who have sex with men in three counties in Kenya: a cross-sectional study","Shaw SY, Biegun JCS, Leung S, Isac S, Musyoki HK, Mugambi M, Kioko J, Musimbi J, Olango K, Kuria S, Ongaro MK, Walimbwa J, Emmanuel F, Blanchard J, Pickles M, Mishra S, Becker ML, Lazarus L, Lorway R, Bhattacharjee P.","Sex Transm Infect. 2024 Nov 18;100(8):497-503. doi: 10.1136/sextrans-2024-056105.","Shaw SY","Sex Transm Infect","2024","2024/07/04","PMC11672033","","10.1136/sextrans-2024-056105"
"39326422","The respiratory syncytial virus vaccine and monoclonal antibody landscape: the road to global access","Terstappen J, Hak SF, Bhan A, Bogaert D, Bont LJ, Buchholz UJ, Clark AD, Cohen C, Dagan R, Feikin DR, Graham BS, Gupta A, Haldar P, Jalang'o R, Karron RA, Kragten L, Li Y, Löwensteyn YN, Munywoki PK, Njogu R, Osterhaus A, Pollard AJ, Nazario LR, Sande C, Satav AR, Srikantiah P, Stein RT, Thacker N, Thomas R, Bayona MT, Mazur NI.","Lancet Infect Dis. 2024 Dec;24(12):e747-e761. doi: 10.1016/S1473-3099(24)00455-9. Epub 2024 Sep 23.","Terstappen J","Lancet Infect Dis","2024","2024/09/26","","","10.1016/S1473-3099(24)00455-9"
"39641395","Inflammatory, Hematological, and Biochemical Biomarkers in COVID-19 Patients","Ayako RM, Patel K, Ndede I, Nordgren J, Larrson M, Mining SK.","Immun Inflamm Dis. 2024 Dec;12(12):e70078. doi: 10.1002/iid3.70078.","Ayako RM","Immun Inflamm Dis","2024","2024/12/06","PMC11621974","","10.1002/iid3.70078"
"39050596","Community Health Volunteers' experiences of implementing COVID-19 vaccine education and promotion in Kenya: a qualitative descriptive study","Shumba CS, Kiraithe P, Kambo I, Shaibu S.","Front Public Health. 2024 Jul 10;12:1406959. doi: 10.3389/fpubh.2024.1406959. eCollection 2024.","Shumba CS","Front Public Health","2024","2024/07/25","PMC11266037","","10.3389/fpubh.2024.1406959"
"39671353","Perceived impact of the COVID-19 pandemic and government restrictions on the lives of young adults living with HIV in Kisumu, Kenya","Zech JM, Zerbe A, Mangold M, Akoth S, David R, Odondi J, Naitore D, Ndede K, Hsu A, Hawken M, Harris TG, Abrams EJ.","PLOS Glob Public Health. 2024 Dec 13;4(12):e0004064. doi: 10.1371/journal.pgph.0004064. eCollection 2024.","Zech JM","PLOS Glob Public Health","2024","2024/12/13","PMC11643255","","10.1371/journal.pgph.0004064"
"39480788","COVID-19 and Female Genital Mutilation/Cutting and child marriage: An online multi-country cross sectional survey","Pande S, Shamu S, Abdelhamed A, Munyao Kingoo J, Van de Velde S, Temmerman M, Esho T, Kimani S, Omwoha J, Kpokiri EE, Tucker JD.","PLoS One. 2024 Oct 31;19(10):e0304671. doi: 10.1371/journal.pone.0304671. eCollection 2024.","Pande S","PLoS One","2024","2024/10/31","PMC11527327","","10.1371/journal.pone.0304671"
"39056056","Clinical characteristics, anti-SARS-CoV-2 IgG titers, and inflammatory markers in individuals with post-COVID-19 condition in Kenya: a cross-sectional study","Theuri M, Ndombi EM, Thamaini P, Ogutu JO, Onsongo L, Madete JK, Ofula V, Gitau S, Mwangi G, Okemo P.","PeerJ. 2024 Jul 22;12:e17723. doi: 10.7717/peerj.17723. eCollection 2024.","Theuri M","PeerJ","2024","2024/07/26","PMC11271650","","10.7717/peerj.17723"
"39886110","COVID-19 vaccine hesitancy among health providers at Kenyatta National Teaching and Referral Hospital Nairobi-Kenya","Okello P, Ogello V, Thuo N, Gakuo S, Mwangi P, Mogere P, Mutua P, Mwenda H, Ongeri L, Kinuthia J, Mugo N, Ngure K.","Pan Afr Med J. 2024 Oct 10;49:31. doi: 10.11604/pamj.2024.49.31.44719. eCollection 2024.","Okello P","Pan Afr Med J","2024","2025/01/31","PMC11781212","","10.11604/pamj.2024.49.31.44719"
"38878048","Trends in Adolescent Sexual and Reproductive Health Outcomes Before and Into the COVID-19 Pandemic in Burkina Faso and Kenya: Evidence From Panel Data","Silberg C, Moreau C, Karp C, Bazié F, Gichangi P, Guiella G, Onadja Y, Thiongo M, Anglewicz P.","J Adolesc Health. 2024 Aug;75(2):344-352. doi: 10.1016/j.jadohealth.2024.04.023. Epub 2024 Jun 13.","Silberg C","J Adolesc Health","2024","2024/06/15","PMC11252117","","10.1016/j.jadohealth.2024.04.023"
"40494313","Completion of Multidose COVID-19 Vaccination Among Adolescents and Adults in Urban Informal Settlements in Nairobi, Kenya","Ng'oda M, Izudi J, Otieno C, Mwanga D, Sanya RE, Ziraba A.","Am J Trop Med Hyg. 2025 Jun 10:tpmd240737. doi: 10.4269/ajtmh.24-0737. Online ahead of print.","Ng'oda M","Am J Trop Med Hyg","2025","2025/06/10","","","10.4269/ajtmh.24-0737"
"39060948","Clinical presentation and outcomes of care in adults with diabetic ketoacidosis pre-COVID-19 and during-COVID-19 at a tertiary, referral hospital in Nairobi, Kenya","Sokwalla S, Shah J, Chauhan S, Shah R, Surani S, Njenga E, Kunyiha N.","BMC Endocr Disord. 2024 Jul 26;24(1):127. doi: 10.1186/s12902-024-01610-8.","Sokwalla S","BMC Endocr Disord","2024","2024/07/26","PMC11282815","","10.1186/s12902-024-01610-8"
"40276674","COVID-19 Vaccine Uptake: Prevalence, Health Facility Enablers and Barriers among Adult Tuberculosis Patients across Nairobi County Clinics, Kenya","Boru W, Makalliwa G, Musita C.","J Tuberc Res. 2025;13(1):15-28. doi: 10.4236/jtr.2025.131002.","Boru W","J Tuberc Res","2025","2025/04/25","PMC7617611","EMS204350","10.4236/jtr.2025.131002"
"40018110","Assessing the resilience of child immunisation programmes using geospatial modelling and interrupted time series analysis in Ethiopia and Kenya amidst the COVID-19 pandemic: tracking coverage and identifying key challenges","Mankhwala CS, Chifungo C, Mzembe T, Ngwira T, Peterson MB, Khundi M, Madise NJ, Chipeta MG.","BMJ Public Health. 2024 Jul 26;2(1):e000857. doi: 10.1136/bmjph-2023-000857. eCollection 2024 Jun.","Mankhwala CS","BMJ Public Health","2024","2025/02/28","PMC11812896","","10.1136/bmjph-2023-000857"
"39571738","Epidemiology and response to the COVID-19 pandemic in the Dadaab Refugee Camp Complex, Kenya, March 2020-December 2022","Ope M, Musyoka R, Kosar A, Osman M, Hassan A, Mohammed H, Munyua P, Juma B, Hunsperger E, Mohammed S, Burton J, Eidex RB.","Travel Med Infect Dis. 2025 Jan-Feb;63:102785. doi: 10.1016/j.tmaid.2024.102785. Epub 2024 Nov 20.","Ope M","Travel Med Infect Dis","2025","2024/11/21","PMC11968409","NIHMS2062304","10.1016/j.tmaid.2024.102785"
"39074960","Effect of COVID-19 on paediatric TB service delivery and patients' comfort receiving TB services in Cameroon and Kenya during COVID: a qualitative assessment","Mbunka MA, Katirayi L, McCormick S, Ndimbii J, Masaba R, Denoeud-Ndam L, Petnga SJ, Ouma M, Kuate A, Okomo G, Simo L, Yara D, Tiam A, Tchounga B.","BMJ Open Respir Res. 2024 Jul 29;11(1):e001727. doi: 10.1136/bmjresp-2023-001727.","Mbunka MA","BMJ Open Respir Res","2024","2024/07/29","PMC11331949","","10.1136/bmjresp-2023-001727"
"39534737","Gendered socio-economic and mental health effects of the COVID-19 pandemic among adults living in selected informal settlements in Kenya: an intersectional analysis","Mwanga DM, Odero HO, Kadengye DT, Odunga SA, Muluve E, Mugotitsa B, Wafubwa RN, Austrian K, Kiwuwa-Muyingo S.","Front Public Health. 2024 Oct 29;12:1469091. doi: 10.3389/fpubh.2024.1469091. eCollection 2024.","Mwanga DM","Front Public Health","2024","2024/11/13","PMC11554471","","10.3389/fpubh.2024.1469091"
"40267125","COVID-19, tuberculosis, and HIV triad: a prospective observational study in ambulatory patients in Kenya, Uganda, and South Africa","Huerga H, Gouillou M, Ohler L, Taremwa IM, Akinyi M, Lubega A, Muyindike WR, Bastard M, Bossard C, Atieno M, Muhindo R, Casas EC, Nakiyingi L, Casenghi M, Gupta-Wright A, Bonnet M, Ndlovu Z.","PLOS Glob Public Health. 2025 Apr 23;5(4):e0004471. doi: 10.1371/journal.pgph.0004471. eCollection 2025.","Huerga H","PLOS Glob Public Health","2025","2025/04/23","PMC12017567","","10.1371/journal.pgph.0004471"
"38977945","COVID-19 pandemic effects on neonatal inpatient admissions and mortality: interrupted time series analysis of facilities implementing NEST360 in Kenya, Malawi, Nigeria, and Tanzania","Malla L, Ohuma EO, Shabani J, Ngwala S, Dosunmu O, Wainaina J, Aluvaala J, Kassim I, Cross JH, Salim N, Zimba E, Ezeaka C, Penzias RE, Gathara D, Tillya R, Chiume M, Odedere O, Lufesi N, Kawaza K, Irimu G, Tongo O, Murless-Collins S, Bohne C, Richards-Kortum R, Oden M, Lawn JE.","BMC Pediatr. 2024 Jul 8;23(Suppl 2):657. doi: 10.1186/s12887-024-04873-1.","Malla L","BMC Pediatr","2024","2024/07/08","PMC11232189","","10.1186/s12887-024-04873-1"
"40018566","""Whenever I help her, I am also expecting her vagina in return"": a qualitative analysis to explore men's and adolescent girls' perceptions of the impact of the COVID-19 pandemic on the sexual behaviour and health of adolescent girls in rural western Kenya","Awiti E, Young S, Zulaika G, Otieno FO, Nyothach E, Phillips-Howard PA, Mehta SD, Mason L.","BMJ Public Health. 2024 Nov 14;2(2):e001214. doi: 10.1136/bmjph-2024-001214. eCollection 2024 Dec.","Awiti E","BMJ Public Health","2024","2025/02/28","PMC11816869","","10.1136/bmjph-2024-001214"
"40334203","A comparison of all-cause and HIV cause-specific mortality among children under 5 years of age before and during COVID-19 in Kenya, 2018-2022","Gachau S, Akelo V, Cleveland A, Were J, Khagayi S, Kwaro D, Taegtmeyer M, Obor D, Igunza A, Munga S, Omore R, Misore T, Aol G, Onyango D, Barr BAT, Joseph R.","PLOS Glob Public Health. 2025 May 7;5(5):e0004338. doi: 10.1371/journal.pgph.0004338. eCollection 2025.","Gachau S","PLOS Glob Public Health","2025","2025/05/07","PMC12058159","","10.1371/journal.pgph.0004338"
"39567057","Experiences of Pregnant and Parenting Adolescents and Young Women During COVID-19 Pandemic: A Mixed-Methods Study Among Girls and Women in Kenya","Muluve E, Karp C, Osuka D, Nanjekho R, Mwanga D, Moreau C, Austrian K.","J Adolesc Health. 2024 Dec;75(6S):S35-S42. doi: 10.1016/j.jadohealth.2024.09.011.","Muluve E","J Adolesc Health","2024","2024/11/20","","","10.1016/j.jadohealth.2024.09.011"
"39593027","Effect of households' members disability and serious illness on public health insurance subscription among urban refugees during the COVID-19 pandemic in Kenya","Oyekale AS, Molelekoa TC.","BMC Public Health. 2024 Nov 26;24(1):3276. doi: 10.1186/s12889-024-20794-1.","Oyekale AS","BMC Public Health","2024","2024/11/26","PMC11590370","","10.1186/s12889-024-20794-1"
"39074106","Availability of essential medicines during the COVID-19 pandemic: A qualitative study examining experiences and level of preparedness in Kenya","Onyango JO, Ogira D, Kokwaro G.","PLOS Glob Public Health. 2024 Jul 29;4(7):e0002547. doi: 10.1371/journal.pgph.0002547. eCollection 2024.","Onyango JO","PLOS Glob Public Health","2024","2024/07/29","PMC11285947","","10.1371/journal.pgph.0002547"
"39637166","Predictors of Generalized Anxiety Disorder (GAD) among health care providers during the COVID-19 pandemic at a regional teaching and referral hospital in Western Kenya","Bundi JM, Morema EN, Shisanya MS.","PLoS One. 2024 Dec 5;19(12):e0310240. doi: 10.1371/journal.pone.0310240. eCollection 2024.","Bundi JM","PLoS One","2024","2024/12/05","PMC11620665","","10.1371/journal.pone.0310240"
"38717763","Developing a global partnership to adapt and deliver interprofessional education faculty training in Kenya during the COVID-19 pandemic: reporting on an innovative collaboration","Abu-Rish Blakeney E, Chepchirchir A, Kithuci RK, Nduati R, Wamalwa D, Farquhar C, Ojuka DK, Kohler P, Willgerodt MA.","J Interprof Care. 2024 Sep-Oct;38(5):942-946. doi: 10.1080/13561820.2024.2343829. Epub 2024 May 8.","Abu-Rish Blakeney E","J Interprof Care","2024","2024/05/08","PMC11365767","NIHMS1990928","10.1080/13561820.2024.2343829"
"40312335","The effect of the COVID-19 pandemic on the baby-friendly community initiative and maternal infant and young child nutrition in Kenya","Mutoro AN, Wanjohi M, Wilunda C, Koech MJ, Ogunsola A, Tako A, Jun TG, Waterson P, Griffiths PL, Kimani-Murage EW.","BMC Public Health. 2025 May 1;25(1):1618. doi: 10.1186/s12889-025-22670-y.","Mutoro AN","BMC Public Health","2025","2025/05/01","PMC12044784","","10.1186/s12889-025-22670-y"
"40080503","Willingness to be vaccinated against COVID-19 and associated factors in Migori County, Kenya: Analysis of cross-sectional observational survey data","Ferrara G, Mudhune S, Rogers A, Mbeya J, Achieng A, Were V, Shumba C, Muga A, Starnes J.","PLOS Glob Public Health. 2025 Mar 13;5(3):e0003699. doi: 10.1371/journal.pgph.0003699. eCollection 2025.","Ferrara G","PLOS Glob Public Health","2025","2025/03/13","PMC11906066","","10.1371/journal.pgph.0003699"
"39499513","Global Disparities of Cancer and Its Projected Burden in 2050","Bizuayehu HM, Ahmed KY, Kibret GD, Dadi AF, Belachew SA, Bagade T, Tegegne TK, Venchiarutti RL, Kibret KT, Hailegebireal AH, Assefa Y, Khan MN, Abajobir A, Alene KA, Mengesha Z, Erku D, Enquobahrie DA, Minas TZ, Misgan E, Ross AG.","JAMA Netw Open. 2024 Nov 4;7(11):e2443198. doi: 10.1001/jamanetworkopen.2024.43198.","Bizuayehu HM","JAMA Netw Open","2024","2024/11/05","PMC11539015","","10.1001/jamanetworkopen.2024.43198"
"40202987","Socio-structural and direct health challenges related to illness management among patients with type 2 diabetes in Kenya and Tanzania during the COVID-19 pandemic: A qualitative inquiry","Mtenga SM, Mashasi I, Kisia L, Binyaruka P, Masanja H, Mohamed SF, Sanya RE, Mhalu G, Magembe G, Ramaiya K, Asiki G, Mair F, Bunn C, Gray CM.","PLOS Glob Public Health. 2025 Apr 9;5(4):e0003876. doi: 10.1371/journal.pgph.0003876. eCollection 2025.","Mtenga SM","PLOS Glob Public Health","2025","2025/04/09","PMC11981119","","10.1371/journal.pgph.0003876"
"40066293","""COVID-19 affected me greatly (sigh), imagine I'm being called a mother and yet I'm also a child"": the effect of COVID-19 on fertility management practices among women in Nairobi and Kisumu cities, Kenya","Kwena ZA, Wekesa P, Gitome S, Okumu S, Ndunyu L, Bukusi E, Himes E, Holt K, Liu J, Vallin J, Suchman L.","Front Glob Womens Health. 2025 Feb 24;6:1428133. doi: 10.3389/fgwh.2025.1428133. eCollection 2025.","Kwena ZA","Front Glob Womens Health","2025","2025/03/11","PMC11891162","","10.3389/fgwh.2025.1428133"
"39666710","Adolescent school retention post COVID-19 school closures in Kenya: A mixed-methods study","Wafubwa RN, Soler-Hampejsek E, Muluve E, Osuka D, Austrian K.","PLoS One. 2024 Dec 12;19(12):e0315497. doi: 10.1371/journal.pone.0315497. eCollection 2024.","Wafubwa RN","PLoS One","2024","2024/12/12","PMC11637304","","10.1371/journal.pone.0315497"
"39948338","Characterising the asynchronous resurgence of common respiratory viruses following the COVID-19 pandemic","Zhao C, Zhang T, Guo L, Sun S, Miao Y, Yung CF, Tomlinson J, Stolyarov K, Shchomak Z, Poovorawan Y, Nokes DJ, Muñoz-Almagro C, Mandelboim M, Keck JW, Langley JM, Heikkinen T, Deng J, Colson P, Chakhunashvili G, Caballero MT, Bont L, Feikin DR, Nair H, Wang X, Li Y; Respiratory Virus Global Epidemiology Network.","Nat Commun. 2025 Feb 13;16(1):1610. doi: 10.1038/s41467-025-56776-z.","Zhao C","Nat Commun","2025","2025/02/13","PMC11825952","","10.1038/s41467-025-56776-z"
"39554720","Impact of COVID-19 pandemic on the utilization of emergency medical services in Nairobi, Kenya","Mutua MM, Wachira B, Chege N, Simiyu S, Masika M.","Afr J Emerg Med. 2024 Dec;14(4):273-276. doi: 10.1016/j.afjem.2024.10.220. Epub 2024 Nov 1.","Mutua MM","Afr J Emerg Med","2024","2024/11/18","PMC11566325","","10.1016/j.afjem.2024.10.220"
"40180388","Seroprevalence and demographic characteristics of SARS-CoV-2-infected residents of Kibera informal settlement during the COVID-19 pandemic in Nairobi, Kenya: a cross-sectional study","Carter JY, Khamadi S, Mwangi J, Muhula S, Munene SM, Kanyara L, Kinyua J, Lagat N, Chege J, Oira R, Maiyo A, Stewart R, Postma M, Stekelenburg J, Osur J, van Hulst M.","BMJ Open. 2025 Apr 2;15(4):e094546. doi: 10.1136/bmjopen-2024-094546.","Carter JY","BMJ Open","2025","2025/04/03","PMC11966967","","10.1136/bmjopen-2024-094546"
"40217151","Health providers' perspectives on effects of the COVID-19 pandemic and anti-epidemic measures on maternal health services in Nairobi, Kenya: a qualitative study","Wangamati CK, Geissler PW, Nyambedha EO, Prince RJ.","BMC Pregnancy Childbirth. 2025 Apr 11;25(1):430. doi: 10.1186/s12884-025-07500-8.","Wangamati CK","BMC Pregnancy Childbirth","2025","2025/04/11","PMC11992752","","10.1186/s12884-025-07500-8"
"40117838","Cytokine immune profiles among COVID 19 patients with different disease severities seeking treatment at Moi teaching and referral hospital, Kenya","Sang JC, Musyoki SK, Injera WE, Karani LW, Maiyoh GK.","Cytokine. 2025 Jun;190:156917. doi: 10.1016/j.cyto.2025.156917. Epub 2025 Mar 20.","Sang JC","Cytokine","2025","2025/03/21","","","10.1016/j.cyto.2025.156917"
"40024835","Factors associated with mortality among patients aged 12 years and above requiring hospitalization for severe respiratory illness (SRI): Findings from the COVID-19 vaccine effectiveness evaluation in Kenya and Mali, 2022-2023","Onyando BO, Nyawanda BO, Onguru D, Haidara FC, Okello C, Anyango RO, Orege IK, Ogolla S, Ogwel B, Awuor AO, Kadivane S, Ngere P, Nasimiyu C, Osoro E, Njenga MK, Akelo V, Otedo A, Lidechi S, Ochieng JB, Otieno NA, Muok EMO, Sergon K, Worwui AK, Weldegebriel GG, Bergeri I, Sandra C, Gurry C, Nuorti JP, Amoth P, Jalang'o R, Mwenda JM, Omore R, Sow SO.","Vaccine. 2025 Mar 1:126910. doi: 10.1016/j.vaccine.2025.126910. Online ahead of print.","Onyando BO","Vaccine","2025","2025/03/02","","","10.1016/j.vaccine.2025.126910"
"39173009","Usage of social media and Covid 19 vaccine hesitancy among medical students in Kericho County","Anino CO, Sanga P.","PLOS Glob Public Health. 2024 Aug 22;4(8):e0003529. doi: 10.1371/journal.pgph.0003529. eCollection 2024.","Anino CO","PLOS Glob Public Health","2024","2024/08/22","PMC11341036","","10.1371/journal.pgph.0003529"
"40360379","Factors associated with laboratory-confirmed SARS-Cov-2 infection among patients with severe respiratory illness (SRI): Findings from the COVID-19 vaccine effectiveness evaluation in Kenya and Mali, 2022-2023","Anyango RO, Nyawanda BO, Onyando BO, Haidara FC, Okello C, Orege IK, Ogolla S, Ogwel B, Awuor AO, Kadivane S, Ngere P, Nasimiyu C, Osoro E, Njenga MK, Akelo V, Otedo A, Lidechi S, Ochieng JB, Otieno NA, Muok EMO, Sergon K, Worwui AK, Weldegebriel GG, Bergeri I, Sandra C, Gurry C, Nuorti JP, Amoth P, Jalang'o R, Mwenda JM, Sow SO, Omore R.","Vaccine. 2025 May 12:127234. doi: 10.1016/j.vaccine.2025.127234. Online ahead of print.","Anyango RO","Vaccine","2025","2025/05/13","","","10.1016/j.vaccine.2025.127234"
"39105481","Accuracy of routine laboratory tests to predict mortality and deterioration to severe or critical COVID-19 in people with SARS-CoV-2","De Rop L, Bos DA, Stegeman I, Holtman G, Ochodo EA, Spijker R, Otieno JA, Alkhlaileh F, Deeks JJ, Dinnes J, Van den Bruel A, McInnes MD, Leeflang MM; Cochrane COVID-19 Diagnostic Test Accuracy Group; Verbakel JY.","Cochrane Database Syst Rev. 2024 Aug 6;8(8):CD015050. doi: 10.1002/14651858.CD015050.pub2.","De Rop L","Cochrane Database Syst Rev","2024","2024/08/06","PMC11301994","","10.1002/14651858.CD015050.pub2"
"40194536","Rethinking the evidence on COVID-19 in Africa","Bejon P, Agweyu A, Ochola-Oyier LI, Hamaluba M, Kamuya D, Kinyanjui S, Barasa E.","Lancet Infect Dis. 2025 Apr 4:S1473-3099(25)00071-4. doi: 10.1016/S1473-3099(25)00071-4. Online ahead of print.","Bejon P","Lancet Infect Dis","2025","2025/04/07","","","10.1016/S1473-3099(25)00071-4"
"39304265","Global, regional, and national burden of stroke and its risk factors, 1990-2021: a systematic analysis for the Global Burden of Disease Study 2021","GBD 2021 Stroke Risk Factor Collaborators.","Lancet Neurol. 2024 Oct;23(10):973-1003. doi: 10.1016/S1474-4422(24)00369-7.","GBD 2021 Stroke Risk Factor Collaborators","Lancet Neurol","2024","2024/09/20","","","10.1016/S1474-4422(24)00369-7"
"39521455","Lessons learned from COVID-19 modelling efforts for policy decision-making in lower- and middle-income countries","Owek CJ, Guleid FH, Maluni J, Jepkosgei J, Were VO, Sim SY, Cw Hutubessy R, Hagedorn BL, Nzinga J, Oliwa J.","BMJ Glob Health. 2024 Nov 8;9(11):e015247. doi: 10.1136/bmjgh-2024-015247.","Owek CJ","BMJ Glob Health","2024","2024/11/09","PMC11552008","","10.1136/bmjgh-2024-015247"
"39574151","Schools of public health as a cornerstone for pandemic preparedness and response: the Africa COVID-19 experience","Ndejjo R, Mitonga HK, Amde W, Lubega GB, Muula AS, Mariam DH, Kabwama SN, Patrick SM, Haufiku D, Amour M, Bosonkie M, Mukama T, Bello S, Dwomoh D, Nja GME, Bulafu D, Halake DG, Frumence G, Leye MMM, Katangolo-Nakashwa N, Abaya SW, Diallo I, Egbende L, Worku N, Bassoum O, Mbunga B, Musoke D, Mohamed H, Seck I, Fobil J, Kiwanuka SN, Fawole OI, Mapatano MA, Alfven T, Gilson L, Syombua Muinde JV, van Marwijk H, Lehmann U, Speybroeck N, Kaseje M, Wanyenze RK.","Global Health. 2024 Nov 21;20(1):82. doi: 10.1186/s12992-024-01087-z.","Ndejjo R","Global Health","2024","2024/11/22","PMC11583413","","10.1186/s12992-024-01087-z"
"39309043","COVID-19 and Contraceptive Use in Two African Countries: Examining Conflicting Pressures on Women","Yu J, Grace K, Boyle EH, Mikal JP, Gunther M, Kristiansen D.","Popul Dev Rev. 2024 Jul;50(Suppl 1):395-419. doi: 10.1111/padr.12606. Epub 2024 Jan 11.","Yu J","Popul Dev Rev","2024","2024/09/23","PMC11412435","NIHMS1950547","10.1111/padr.12606"
"39839225","Challenges faced by community health volunteers in offering sexual and reproductive health care services to young women during the COVID-19 pandemic in Khwisero and Nairobi in Kenya","Yusuf MF, Onyango-Ouma W, Muinde JVS, Wangamati CK.","Front Reprod Health. 2025 Jan 7;6:1491093. doi: 10.3389/frph.2024.1491093. eCollection 2024.","Yusuf MF","Front Reprod Health","2025","2025/01/22","PMC11747763","","10.3389/frph.2024.1491093"
"40305503","Self-reported COVID-19 severity among persons with tuberculosis infection in western Kenya, 2021","Barsosio HC, Tangara B, Ongalo J, Achieng M, Marlais T, McCarthy KD, Otieno K, Wanjiku M, Matthewman J, Allen D, Hannan L, Date A, Lesosky M, Kariuki S, Samuels AM, Drakeley C, Ter Kuile FO, Samandari T.","PLOS Glob Public Health. 2025 Apr 30;5(4):e0004372. doi: 10.1371/journal.pgph.0004372. eCollection 2025.","Barsosio HC","PLOS Glob Public Health","2025","2025/04/30","PMC12043119","","10.1371/journal.pgph.0004372"
"40356726","COVID-19 vaccine uptake and predictors of hesitancy among healthcare workers in Côte d'Ivoire","Yapi RB, Zamina GBY, Bama M, Amani YMR, Kakooza F, Nakasendwa S, Muwonge T, Ayebare RR, Mbabazi L, Kiragga A, Sembuche S, Gonese E, Shaweno T, Dereje N, Fallah MP, Raji T, Tiembré I.","J Public Health Afr. 2025 Apr 24;16(1):678. doi: 10.4102/jphia.v16i1.678. eCollection 2025.","Yapi RB","J Public Health Afr","2025","2025/05/13","PMC12067502","","10.4102/jphia.v16i1.678"
"39052142","Differentiated Service Delivery Models for Maintaining HIV Treatment and Prevention Services During Crisis and Disease Outbreaks: Lessons from the COVID-19 Pandemic","Njuguna N, Akolo C, Anzala O, Baeten JM, Heffron R, Mugo NR, Bateganya M.","Curr HIV/AIDS Rep. 2024 Oct;21(5):257-263. doi: 10.1007/s11904-024-00703-2. Epub 2024 Jul 25.","Njuguna N","Curr HIV/AIDS Rep","2024","2024/07/25","","","10.1007/s11904-024-00703-2"
"40026131","Examining COVID-19 Vaccine Hesitancy in Nairobi, Kenya, Using the Modified 5 Cs Model","Blackburn CC, Abdullahi LH, Callaghan T, Colwell B, Nuzhath T, Hernandez J.","Health Secur. 2025 Mar-Apr;23(2):102-109. doi: 10.1089/hs.2024.0049. Epub 2025 Mar 3.","Blackburn CC","Health Secur","2025","2025/03/03","","","10.1089/hs.2024.0049"
"40186736","Stigma, Chronicity and Complexity of Living with Long Covid in Kenya","Bosire EN, Kamau LW, Mendenhall E.","Cult Med Psychiatry. 2025 Apr 5. doi: 10.1007/s11013-025-09906-7. Online ahead of print.","Bosire EN","Cult Med Psychiatry","2025","2025/04/05","","","10.1007/s11013-025-09906-7"
"40451221","COVID-19 mortality in Africa and Asia - Authors' reply","Bejon P, Agweyu A, Oyier I, Hamaluba M, Kamuya D, Kinyanjui S, Barasa E.","Lancet Infect Dis. 2025 May 29:S1473-3099(25)00350-0. doi: 10.1016/S1473-3099(25)00350-0. Online ahead of print.","Bejon P","Lancet Infect Dis","2025","2025/06/01","","","10.1016/S1473-3099(25)00350-0"
"39066383","Tailoring COVID-19 Vaccination Strategies in High-Seroprevalence Settings: Insights from Ethiopia","Gudina EK, Elsbernd K, Yilma D, Kisch R, Wallrafen-Sam K, Abebe G, Mekonnen Z, Berhane M, Gerbaba M, Suleman S, Mamo Y, Rubio-Acero R, Ali S, Zeynudin A, Merkt S, Hasenauer J, Chala TK, Wieser A, Kroidl A.","Vaccines (Basel). 2024 Jul 5;12(7):745. doi: 10.3390/vaccines12070745.","Gudina EK","Vaccines (Basel)","2024","2024/07/27","PMC11281643","","10.3390/vaccines12070745"
"39808016","Advancing care and support for women and families after stillbirth or neonatal death in Kenya and Uganda: a feasibility study","Mills TA, Danna VA, Ayebare E, Bedwell C, Davis LB, Lovell K, Mukwhana R, Nabisere A, Okello M, Omoni G, Sutton CJ, Taxiarchi VP, Wakasiaka S, Lavender T.","Southampton (UK): National Institute for Health and Care Research; 2024 Sep 25.","Mills TA","Advancing care and support for women and families after stillbirth or neonatal death in Kenya and Uganda: a feasibility study","2024","2024/09/25","","","10.3310/JNWA6983"
"40514715","Brief communication: effect of a one-stop-shop intervention on COVID-19 vaccine uptake among people living with HIV in Nairobi and Kajiado counties, Kenya","Njuguna N, Gichuhi P, Mutisya J, Kubo E, Odhiambo C, Michler J, Arodi S, Marima R, Mecha J, Otieno CF.","AIDS Res Ther. 2025 Jun 13;22(1):62. doi: 10.1186/s12981-025-00730-y.","Njuguna N","AIDS Res Ther","2025","2025/06/13","PMC12166582","","10.1186/s12981-025-00730-y"
"40071331","Impact of Covid-19 on antenatal care: evidence from Madagascar Demographic and Health Survey","Magadi MA, Obare FO, Kaseje N, Wu P.","J Biosoc Sci. 2025 Mar;57(2):160-178. doi: 10.1017/S0021932025000112. Epub 2025 Mar 12.","Magadi MA","J Biosoc Sci","2025","2025/03/12","","","10.1017/S0021932025000112"
"38905176","A systematic review and meta-analysis of compassion fatigue among healthcare professionals before and during COVID-19 in Sub-Saharan Africa","Kabunga A, Kigongo E, Tumwesigye R, Udho S, Musinguzi M, Acup W, Auma AG, Akello AR, Okalo P, Nabaziwa J, Shikanga EM.","PLOS Glob Public Health. 2024 Jun 21;4(6):e0003388. doi: 10.1371/journal.pgph.0003388. eCollection 2024.","Kabunga A","PLOS Glob Public Health","2024","2024/06/21","PMC11192372","","10.1371/journal.pgph.0003388"
"40405251","Effects of COVID-19 lockdowns on unintended pregnancies among adolescent girls and young women in low- and middle-income countries: a scoping review","Lüdecke LT, Ekman B, Arunda MO, Bulamba R, Daama A, Ekström AM, Kyasanku E, Larsson EC, Nkale J, Sundewall J.","Reprod Health. 2025 May 22;22(1):89. doi: 10.1186/s12978-025-02045-7.","Lüdecke LT","Reprod Health","2025","2025/05/22","PMC12096587","","10.1186/s12978-025-02045-7"
"39905338","COVID-19 vaccine uptake in Zimbabwe and Sierra Leone: an application of Health Belief Model constructs","Ssentongo S, Muhereza A, Mustapha M, Gemi R, Cherian D, Waugh R, Crookston B, Hall C, Linehan M, Borg H, West J.","BMC Public Health. 2025 Feb 4;25(1):451. doi: 10.1186/s12889-025-21610-0.","Ssentongo S","BMC Public Health","2025","2025/02/05","PMC11796035","","10.1186/s12889-025-21610-0"
"39441851","Modelling the impact of vaccination on COVID-19 in African countries","Mathebula D, Amankwah A, Amouzouvi K, Assamagan KA, Azote S, Fajemisin JA, Fankam Fankame JB, Guga A, Kamwela M, Kanduza MM, Mabote TS, Macucule FF, Muronga A, Njeri A, Oluwole MO, Paulo CM.","PLoS Comput Biol. 2024 Oct 23;20(10):e1012456. doi: 10.1371/journal.pcbi.1012456. eCollection 2024 Oct.","Mathebula D","PLoS Comput Biol","2024","2024/10/23","PMC11498717","","10.1371/journal.pcbi.1012456"
"39168037","Adolescent experiences during perinatal care in the COVID-19 pandemic: synthesis of qualitative studies","Perroca Lipi MP, Dos Santos Borges M, Lovato IR, Lobo Soares LO, Vicentino LR, Ferreira-Filho AC, Santos GB, Vale DB, de Siqueira Guida JP.","Public Health. 2024 Nov;236:78-84. doi: 10.1016/j.puhe.2024.07.019. Epub 2024 Aug 20.","Perroca Lipi MP","Public Health","2024","2024/08/21","","","10.1016/j.puhe.2024.07.019"
"39538321","Policy impact of the Imperial College COVID-19 Response Team: global perspective and United Kingdom case study","van Elsland SL, O'Hare RM, McCabe R, Laydon DJ, Ferguson NM, Cori A, Christen P.","Health Res Policy Syst. 2024 Nov 13;22(1):153. doi: 10.1186/s12961-024-01236-1.","van Elsland SL","Health Res Policy Syst","2024","2024/11/14","PMC11559147","","10.1186/s12961-024-01236-1"
"38640940","Global burden associated with 85 pathogens in 2019: a systematic analysis for the Global Burden of Disease Study 2019","IHME Pathogen Core Group.","Lancet Infect Dis. 2024 Aug;24(8):868-895. doi: 10.1016/S1473-3099(24)00158-0. Epub 2024 Apr 16.","IHME Pathogen Core Group","Lancet Infect Dis","2024","2024/04/19","PMC11269650","","10.1016/S1473-3099(24)00158-0"
"39088480","Pediatric and adolescent HIV viral load coverage and suppression rates in the context of the COVID-19 pandemic in 12 PEPFAR-supported sub-Saharan African countries in 2019 and 2020","Carpenter D, Hast M, Buono N, Hrapcak S, Sato K, Mrina R, Cox MH, Agaba PA, Vrazo AC, Wolf H, Rivadeneira ED, Shang JD, Mayer MM, Prao AH, Longuma HO, Kabwe C, Lwana PN, Tilahun T, Ts'oeu M, Mutisya I, Omoto LN, Cowan JG, Deus MIJT, Fagbamigbe OJ, Ene U, Ikpeazu A, Ndlovu MB, Matiko E, Schaad N, Bisimba J, Lema E, Musokotwane K, Maphosa T, Buthelezi B, Olarinoye A, Lawal I, Mukungunugwa S, Mwambona JT, Wondimu T, Kathure IA, Igboelina OD, Nzima VN, Bissai RG, Lenka M, Shasha W, Olivier NK, Matsinhe M, Wate A, Godfrey L, Alexander H, Alemnji G, Lecher S.","PLOS Glob Public Health. 2024 Aug 1;4(8):e0003513. doi: 10.1371/journal.pgph.0003513. eCollection 2024.","Carpenter D","PLOS Glob Public Health","2024","2024/08/01","PMC11293699","","10.1371/journal.pgph.0003513"
"39604940","The present value of human life losses associated with COVID-19 and likely productivity losses averted through COVID-19 vaccination in Madagascar","Musango L, Mandrosovololona V, Randriatsarafara FM, Ranarison VM, Kirigia JM, Ratsimbasoa CA.","BMC Public Health. 2024 Nov 27;24(1):3296. doi: 10.1186/s12889-024-20786-1.","Musango L","BMC Public Health","2024","2024/11/28","PMC11600903","","10.1186/s12889-024-20786-1"
"39203951","An Interrupted Time Series Analysis of the Impact of the COVID-19 Pandemic on Routine Vaccination Uptake in Kenya","Ngigi M, Moride Y, Castilloux AM, Clemens SAC.","Vaccines (Basel). 2024 Jul 23;12(8):826. doi: 10.3390/vaccines12080826.","Ngigi M","Vaccines (Basel)","2024","2024/08/29","PMC11359163","","10.3390/vaccines12080826"
"39567054","Understanding Whether Economic Instability and Food Insecurity During COVID-19 Moderate the Change in Emotional Abuse and Emotional Neglect Over Time: A Longitudinal Pre- and During COVID-19 Analysis From China, Democratic Republic of Congo, Indonesia, and Malawi","Ramaiya A, Li M, Muluve E, Zuo X, Stones W, Mafuta E, Moreau C, Zimmerman L.","J Adolesc Health. 2024 Dec;75(6S):S14-S23. doi: 10.1016/j.jadohealth.2024.09.002.","Ramaiya A","J Adolesc Health","2024","2024/11/20","","","10.1016/j.jadohealth.2024.09.002"
"40343014","Prevalence of Long COVID in Mycobacterium tuberculosis-exposed Groups in Peru and Kenya","Ongaya A, Cardenas AR, Shiluli C, Ramos LB, Senador LC, Flores JA, Kanoi BN, Reijneveld JF, Ruvalcaba A, Perez D, Waiganjo P, Lindestam Arlehamn CS, Henrich TJ, Peluso MJ, Leon SR, Gitaka J, Suliman S.","medRxiv [Preprint]. 2025 Apr 29:2025.04.28.25326537. doi: 10.1101/2025.04.28.25326537.","Ongaya A","medRxiv","2025","2025/05/09","PMC12060951","","10.1101/2025.04.28.25326537"
"39464565","Acceptability and feasibility of a brief intervention to enhance resilience among young people and their families in India and Kenya","Bhui K, Basu D, Nagpal S, Mutiso V, Pillai R, Hadfield K, Lauwrens Z, Ndetei D.","Glob Ment Health (Camb). 2024 Oct 18;11:e86. doi: 10.1017/gmh.2024.87. eCollection 2024.","Bhui K","Glob Ment Health (Camb)","2024","2024/10/28","PMC11504944","","10.1017/gmh.2024.87"
"39501217","Prospective clinical surveillance for severe acute respiratory illness and COVID-19 vaccine effectiveness in Kenyan hospitals during the COVID-19 pandemic","Lucinde RK, Gathuri H, Isaaka L, Ogero M, Mumelo L, Kimego D, Mbevi G, Wanyama C, Otieno EO, Mwakio S, Saisi M, Isinde E, Oginga IN, Wachira A, Manuthu E, Kariuki H, Nyikuli J, Wekesa C, Otedo A, Bosire H, Okoth SB, Ongalo W, Mukabi D, Lusamba W, Muthui B, Adembesa I, Mithi C, Sood M, Ahmed N, Gituma B, Giabe M, Omondi C, Aman R, Amoth P, Kasera K, Were F, Nganga W, Berkley JA, Tsofa B, Mwangangi J, Bejon P, Barasa E, English M, Scott JAG, Akech S, Kagucia EW, Agweyu A, Etyang AO.","BMC Infect Dis. 2024 Nov 5;24(1):1246. doi: 10.1186/s12879-024-10140-6.","Lucinde RK","BMC Infect Dis","2024","2024/11/05","PMC11536953","","10.1186/s12879-024-10140-6"
"39289677","""Build back the confidence"": qualitative exploration of community experiences with polio vaccination in the Covid-19 context in Cameroon and Ethiopia","Lorenzetti L, Alam CMP, Namey E, Monj C, Tsegaye A, Ateeq N, Massom DM, McLain G, Tsanga S, Mcintosh R.","BMC Public Health. 2024 Sep 18;24(1):2532. doi: 10.1186/s12889-024-19860-5.","Lorenzetti L","BMC Public Health","2024","2024/09/17","PMC11409537","","10.1186/s12889-024-19860-5"
"39522495","A global survey of telemedicine use in epilepsy care - practices before, during and after the COVID-19 pandemic","Yu HY, Singh MB, Chan J, Samia P, Ali A, Yoo JY, Rivera Y, Sahu JK, Shafer PO, Jocic-Jakubi B, Zelano J, Coan AC, Caraballo RH, Fortini PS, Kissani N, Cross JH.","Seizure. 2024 Dec;123:82-87. doi: 10.1016/j.seizure.2024.10.012. Epub 2024 Oct 28.","Yu HY","Seizure","2024","2024/11/10","","","10.1016/j.seizure.2024.10.012"
"39640868","Kinetics of naturally induced binding and neutralising anti-SARS-CoV-2 antibody levels and potencies among SARS-CoV-2 infected Kenyans with diverse grades of COVID-19 severity: an observational study","Kimotho J, Sein Y, Sayed S, Shah R, Mwai K, Saleh M, Wanjiku P, Mwacharo J, Nyagwange J, Karanja H, Kutima B, Gitonga JN, Mugo D, Karanu A, Moranga L, Oluoch V, Shah J, Mutiso J, Mburu A, Nneka Z, Betti P, Usyu Mutinda W, Issak Abdi A, Bejon P, Isabella Ochola-Oyier L, M Warimwe G, Nduati EW, M Ndungu F.","Wellcome Open Res. 2024 Dec 2;8:350. doi: 10.12688/wellcomeopenres.19414.2. eCollection 2023.","Kimotho J","Wellcome Open Res","2024","2024/12/06","PMC11617823","","10.12688/wellcomeopenres.19414.2"
"37567757","Role of hospital leadership in pandemic preparedness: experience at a tertiary hospital in Kenya during the COVID-19 pandemic","Mwangi LW, Macharia W, Wachira BW, Kimeu J, Mativa B, Atwoli L.","BMJ Lead. 2024 Jul 1;8(2):111-118. doi: 10.1136/leader-2023-000833.","Mwangi LW","BMJ Lead","2024","2023/08/11","PMC12038139","","10.1136/leader-2023-000833"
"39142289","CROI 2024: Global Epidemiology and Prevention of HIV and Other Sexually Transmitted Diseases","Liu AY, Buchbinder SP.","Top Antivir Med. 2024 Jul 17;32(3):447-482.","Liu AY","Top Antivir Med","2024","2024/08/14","PMC11293602","",""
"40333821","Community health volunteers' experiences during the COVID-19 pandemic in Kiambu county, Kenya: A qualitative study","Wachira N, Juttla PK, Kimani B, Kamita M, Mungai S, Ndimbii J, Makokha F, Mwancha-Kwasa M.","PLoS One. 2025 May 7;20(5):e0322642. doi: 10.1371/journal.pone.0322642. eCollection 2025.","Wachira N","PLoS One","2025","2025/05/07","PMC12057936","","10.1371/journal.pone.0322642"
"39362786","Leveraging investments, promoting transparency and mobilising communities: a qualitative analysis of news articles about how the Ebola outbreak informed COVID-19 response in five African countries","Courtney LP, Billaud M, Paulenich A, Chew R, Alidina Z, Pinto M.","BMJ Glob Health. 2024 Oct 3;9(10):e015378. doi: 10.1136/bmjgh-2024-015378.","Courtney LP","BMJ Glob Health","2024","2024/10/03","PMC11459305","","10.1136/bmjgh-2024-015378"
"40173438","Psychological status of pregnant women during the COVID-19 pandemic in Nairobi County, Kenya: a cross-sectional study","Sonigra KJ, Sarna K, Amuti T, Gesaka SR, Ongeri L, Obimbo MM.","Psychol Health Med. 2025 Apr 2:1-15. doi: 10.1080/13548506.2025.2487227. Online ahead of print.","Sonigra KJ","Psychol Health Med","2025","2025/04/02","","","10.1080/13548506.2025.2487227"
"40219756","The Sustainability of Self-Help Groups for Caregivers of Children With Disabilities in Kilifi, Kenya: The Changing Context of the COVID-19 Pandemic","Bunning K, Gona JK, Wanjala SW, Hartley S.","Child Care Health Dev. 2025 May;51(3):e70079. doi: 10.1111/cch.70079.","Bunning K","Child Care Health Dev","2025","2025/04/12","PMC11992611","","10.1111/cch.70079"
"40127942","The long-term impact of the COVID-19 pandemic on tuberculosis care and infection control measures in anti-retroviral therapy (ART) clinics in low- and middle-income countries: a multiregional site survey in Asia and Africa","Ballif M, Banholzer N, Perrig L, Avihingsanon A, Nsonde DM, Obatsa S, Muula G, Komena E, Uemura H, Lelo P, Otaalo B, Huwa J, Gouéssé P, Kumarasamy N, Brazier E, Michael D, Rafael I, Ramdé R, Somia IKA, Yotebieng M, Diero L, Euvrard J, Ezechi O, Fenner L; Global IeDEA consortium.","BMJ Glob Health. 2025 Mar 24;10(3):e017828. doi: 10.1136/bmjgh-2024-017828.","Ballif M","BMJ Glob Health","2025","2025/03/24","PMC11934364","","10.1136/bmjgh-2024-017828"
"39568431","Infections in sickle cell disease","Scourfield LEA, Nardo-Marino A, Williams TN, Rees DC.","Haematologica. 2025 Mar 1;110(3):546-561. doi: 10.3324/haematol.2024.285066.","Scourfield LEA","Haematologica","2025","2024/11/21","PMC11873697","","10.3324/haematol.2024.285066"
"40111580","Challenges Faced by Perinatally-Infected Kenyan Adolescents and Youth Living with HIV During the COVID-19 Pandemic","Singh M, Nyandiko W, Delong A, Ashimosi C, Munyoro D, Lidweye J, Nyagaya J, Biegon W, Aluoch J, Chory A, Sang E, Jepkemboi E, Orido M, Novitsky V, Hogan JW, Vreeman R, Kantor R.","AIDS Behav. 2025 Mar 20. doi: 10.1007/s10461-025-04689-9. Online ahead of print.","Singh M","AIDS Behav","2025","2025/03/20","","","10.1007/s10461-025-04689-9"
"38180049","The effectiveness of rural community health workers in improving health outcomes during the COVID-19 pandemic: a systematic review","Kaseje N, Ranganathan M, Magadi M, Oria K, Haines A.","Glob Health Action. 2024 Dec 31;17(1):2292385. doi: 10.1080/16549716.2023.2292385. Epub 2024 Jan 5.","Kaseje N","Glob Health Action","2024","2024/01/05","PMC10773683","","10.1080/16549716.2023.2292385"
"39509409","A protocol for modeling the factors influencing the deployment of the COVID-19 vaccine across African countries","Ezezika O, Kotsaftis TS, Amponsah-Dacosta E, Demi S, Omwenga EO, Mong'are S, Zaranyika T, Ariyo O, Ngianga-Bakwin K, Ameyaw EK.","PLoS One. 2024 Nov 7;19(11):e0311800. doi: 10.1371/journal.pone.0311800. eCollection 2024.","Ezezika O","PLoS One","2024","2024/11/07","PMC11542824","","10.1371/journal.pone.0311800"
"38928422","Rational Approach toward COVID-19's Main Protease Inhibitors: A Hierarchical Biochemoinformatics Analysis","Bastos RS, de Aguiar CPO, Cruz JN, Ramos RS, Kimani NM, de Souza JSN, Chaves MH, de Freitas HF, Pita SSR, Santos CBRD.","Int J Mol Sci. 2024 Jun 18;25(12):6715. doi: 10.3390/ijms25126715.","Bastos RS","Int J Mol Sci","2024","2024/06/27","PMC11204165","","10.3390/ijms25126715"
"39208159","The limits of nudging: Results of a randomized trial of text messages to promote home-based caregiving and reduce perceptions of stigma for COVID-19 patients in Kenyan informal settlements","Tidwell JB, Pinchoff J, Abuya T, Muluve E, Mwanga D, Mbushi F, Austrian K.","PLoS One. 2024 Aug 29;19(8):e0305206. doi: 10.1371/journal.pone.0305206. eCollection 2024.","Tidwell JB","PLoS One","2024","2024/08/29","PMC11361586","","10.1371/journal.pone.0305206"
"39949611","Harmonizing population health data into OMOP common data model: a demonstration using COVID-19 sero-surveillance data from Nairobi Urban Health and Demographic Surveillance System","Ochola M, Kiwuwa-Muyingo S, Bhattacharjee T, Amadi D, Ng'etich M, Kadengye D, Owoko H, Igumba B, Greenfield J, Todd J, Kiragga A.","Front Digit Health. 2025 Jan 28;7:1423621. doi: 10.3389/fdgth.2025.1423621. eCollection 2025.","Ochola M","Front Digit Health","2025","2025/02/14","PMC11822943","","10.3389/fdgth.2025.1423621"
"40018611","Social, economic and food insecurity among people living with HIV in Kenya during coinciding public health and environmental emergencies: a mixed-methods study","Lyons C, Ching J, Tran DN, Kafu C, Wachira J, Koros H, Venkataramani M, Said J, Pastakia SD, Galárraga O, Genberg B.","BMJ Public Health. 2024 Sep 23;2(2):e000836. doi: 10.1136/bmjph-2023-000836. eCollection 2024 Dec.","Lyons C","BMJ Public Health","2024","2025/02/28","PMC11816847","","10.1136/bmjph-2023-000836"
"39557549","Preference of mHealth versus in-person treatment for depression and post-traumatic stress disorder in Kenya: demographic and clinical characteristics","Meffert S, Mathai M, Neylan T, Mwai D, Onyango DO, Rota G, Otieno A, Obura RR, Wangia J, Opiyo E, Muchembre P, Oluoch D, Wambura R, Mbwayo A, Kahn JG, Cohen CR, Bukusi D, Aarons GA, Burger RL, Jin C, McCulloch C, Kahonge S, Ongeri L.","BMJ Open. 2024 Nov 18;14(11):e083094. doi: 10.1136/bmjopen-2023-083094.","Meffert S","BMJ Open","2024","2024/11/18","PMC11575330","","10.1136/bmjopen-2023-083094"
"40439451","Long-Term Clinical Outcomes of Adults Hospitalized for COVID-19 Pneumonia","Rosas IO, Benitez A, McKinnell JA, Shah R, Waters M, Hunter BD, Jeanfreau R, Tsai L, Neighbors M, Trzaskoma B, de Cassia Castro R, Cai F.","Emerg Infect Dis. 2025 Jun;31(6):1158-1168. doi: 10.3201/eid3106.241097.","Rosas IO","Emerg Infect Dis","2025","2025/05/29","PMC12123926","","10.3201/eid3106.241097"
"40408611","""If I tell you my problems, how will you perceive me?"": A qualitative study of mental health knowledge, barriers, and opportunities for care among Kenyan adolescents during COVID-19","Nyongesa V, Kathono J, Mwavua S, Nyamai D, Yator O, Kanyanya I, Amin N, Njuguna S, Ahs J, Kohrt B, Chorpita B, Madeghe B, Idele P, Carvajal Velez L, Kumar M.","PLoS One. 2025 May 23;20(5):e0323907. doi: 10.1371/journal.pone.0323907. eCollection 2025.","Nyongesa V","PLoS One","2025","2025/05/23","PMC12101854","","10.1371/journal.pone.0323907"
"40423359","The Case for Genomic Surveillance in Africa","Ochola R.","Trop Med Infect Dis. 2025 May 8;10(5):129. doi: 10.3390/tropicalmed10050129.","Ochola R","Trop Med Infect Dis","2025","2025/05/27","PMC12115357","","10.3390/tropicalmed10050129"
"39413094","Evaluation of a cross-border field simulation exercise on the response to outbreaks of infectious diseases in Namanga, Kenya and Tanzania","Dzaba JS, Njenge HK, Wakhungu J, Reintjes R, Watt N.","PLOS Glob Public Health. 2024 Oct 16;4(10):e0003832. doi: 10.1371/journal.pgph.0003832. eCollection 2024.","Dzaba JS","PLOS Glob Public Health","2024","2024/10/16","PMC11482668","","10.1371/journal.pgph.0003832"
"39079896","Lessons learnt from developing and applying research priorities during the COVID-19 pandemic: reflections from the Global Research Collaboration for Infectious Disease Preparedness (GloPID-R)","Antonio ES, Alobo M, Norton A, Wiysonge CS.","BMJ Glob Health. 2024 Jul 30;9(7):e015278. doi: 10.1136/bmjgh-2024-015278.","Antonio ES","BMJ Glob Health","2024","2024/07/30","PMC11293373","","10.1136/bmjgh-2024-015278"
"39843797","Empowering African Expertise: Enhancing Safety Data Integration and Signal Detection for COVID-19 Vaccines Through the African Union Smart Safety Surveillance Joint Signal Management Group","Nambasa VP, Gunter HM, Adeyemo MB, Bhawaneedin NY, Blockman M, Sabblah GT, Gyapong JO, Guantai EM, Abebe T, Abebe W, Lawson HJ, Leburu MC, Mohammed A, Amponsa-Achiano K, Matlala MF, Elemuwa UG, Mogtari H, Nyarko AK, Schönfeldt M, Kamupira M, McCarthy K, Tefera YL, Alemu A, Yusuf KM, Emelife O, Sidibe L, Dandajena K, Onu K, Adeyeye MC, Darko DM, Gerba H, Semete B, Siyoi F, Ambali A, Meyer JC.","Drug Saf. 2025 Mar;48(3):233-249. doi: 10.1007/s40264-024-01493-7. Epub 2025 Jan 22.","Nambasa VP","Drug Saf","2025","2025/01/22","PMC11829835","","10.1007/s40264-024-01493-7"
"39389332","Recommendations on the use of artificial intelligence in health promotion","Smith A, Arena R, Bacon SL, Faghy MA, Grazzi G, Raisi A, Vermeesch AL, Ong'wen M, Popovic D, Pronk NP.","Prog Cardiovasc Dis. 2024 Nov-Dec;87:37-43. doi: 10.1016/j.pcad.2024.10.003. Epub 2024 Oct 9.","Smith A","Prog Cardiovasc Dis","2024","2024/10/10","","","10.1016/j.pcad.2024.10.003"
"38531724","Leveraging seasonal influenza health worker vaccination programmes for COVID-19 vaccine Introduction: A global qualitative analysis","Volkmann AM, Goldin S, McMurren B, Gapare C, Anne Pratt B, Frost L, Desai S.","Vaccine. 2024 Oct 24;42 Suppl 4:125534. doi: 10.1016/j.vaccine.2023.12.044. Epub 2024 Mar 25.","Volkmann AM","Vaccine","2024","2024/03/26","","","10.1016/j.vaccine.2023.12.044"
"39366729","Forecasting the effects of smoking prevalence scenarios on years of life lost and life expectancy from 2022 to 2050: a systematic analysis for the Global Burden of Disease Study 2021","GBD 2021 Tobacco Forecasting Collaborators.","Lancet Public Health. 2024 Oct;9(10):e729-e744. doi: 10.1016/S2468-2667(24)00166-X.","GBD 2021 Tobacco Forecasting Collaborators","Lancet Public Health","2024","2024/10/04","PMC11447278","","10.1016/S2468-2667(24)00166-X"
"39019649","Pet ownership and psychosocial outcomes among the oldest old in Germany during the Covid-19 pandemic. Findings based on the nationally representative ""Old Age in Germany (D80+)""","Hajek A, Peltzer K, Veronese N, König HH, Gyasi RM.","Int J Geriatr Psychiatry. 2024 Jul;39(7):e6127. doi: 10.1002/gps.6127.","Hajek A","Int J Geriatr Psychiatry","2024","2024/07/17","","","10.1002/gps.6127"
"40460812","Characteristics of Hand Hygiene Adherence in Selected Healthcare Settings in Latin America and East Africa as Part of COVID-19 Response Efforts, 2020-2021","Vega Ocasio D, Berendes D, Salah Z, Garzaro P, Ramay BM, Fahsen N, Pieters Arroyo M, Call DR, Cordon-Rosales C, Quezada R, Pratt C, Murray KO, Bivens N, Ly AN, Morazan G, Manzareno R, Morey F, Schnorr CD, Medley A, Kesande M, Lamorde M, Trinies V, Ngere I, Nilles E, Then Paulino CJ, Payano EC, Martínez Guzmán P, de St Aubin M, Dumas D, Duke W, Skewes-Ramm R, Lozier M.","Am J Trop Med Hyg. 2025 Jun 3:tpmd240066. doi: 10.4269/ajtmh.24-0066. Online ahead of print.","Vega Ocasio D","Am J Trop Med Hyg","2025","2025/06/03","","","10.4269/ajtmh.24-0066"
"39169389","Financing pandemic prevention, preparedness and response: lessons learned and perspectives for future","Ndembi N, Dereje N, Nonvignon J, Aragaw M, Raji T, Fallah MP, Abdulaziz M, Djoudalbaye B, Aluso A, Boum Ii Y, Mwaba G, Shisana O, Ngongo N, Kaseya J.","Global Health. 2024 Aug 21;20(1):65. doi: 10.1186/s12992-024-01066-4.","Ndembi N","Global Health","2024","2024/08/21","PMC11337782","","10.1186/s12992-024-01066-4"
"40466341","Use of outcome harvesting to understand the outcomes of a COVID-19 pandemic leadership and management program in six countries","Carbone NB, Alberto N, Henderson K, Pruyn N, Munyi W, Waibale P, Lucido B.","Eval Program Plann. 2025 Aug;111:102619. doi: 10.1016/j.evalprogplan.2025.102619. Epub 2025 Jun 1.","Carbone NB","Eval Program Plann","2025","2025/06/04","","","10.1016/j.evalprogplan.2025.102619"
"40182747","Mpox after COVID-19 in Africa: Different epidemic, similar challenges","Gómez-Pérez GP, Sam SOO, Ndembi N, Rinke de Wit TF.","J Public Health Afr. 2025 Mar 31;16(1):874. doi: 10.4102/jphia.v16i1.874. eCollection 2025.","Gómez-Pérez GP","J Public Health Afr","2025","2025/04/04","PMC11966709","","10.4102/jphia.v16i1.874"
"40375859","Outcomes of pregnant ICU patients with severe COVID-19 pneumonia in Qatar during the three waves of the COVID-19 pandemic: A retrospective cohort study","Kily LJM, Ahmed SMG, Alhusban TAKM, Orompurath MJ, Lance MD, Hussein MIH, Abuyaqoub SM, Saleh HA, Abdalla E, Gopalakrishnan S, Al-Rifai H, Hilani M, Elfil H.","Qatar Med J. 2025 Feb 26;2025(1):12. doi: 10.5339/qmj.2025.12. eCollection 2025.","Kily LJM","Qatar Med J","2025","2025/05/16","PMC12079578","","10.5339/qmj.2025.12"
"39378872","Operational Research to Support Rapid Evidence-Based Responses to Outbreaks: Learnings from COVID-19","Hoppe A, Dani P, Mwangoka G, Vreden S, Breton G, Ateudjieu J, Nankabirwa JI, Sambo J, Masaba R, Maparo T, Sibeko G, Njouom R, Tchounga B, Ssewanyana I, Chavula C, Nchimunya L, Djikeussi T, Accellam S, Cairo H, Walcott D, Khan AJ, Khan S, Bausch DG.","Am J Trop Med Hyg. 2024 Oct 8;112(4_Suppl):119-126. doi: 10.4269/ajtmh.23-0893. Print 2025 Apr 1.","Hoppe A","Am J Trop Med Hyg","2024","2024/10/08","PMC11965719","","10.4269/ajtmh.23-0893"
"38699978","Prevalence and factors associated with probable depression among the oldest old during the Covid-19 pandemic: evidence from the large, nationally representative 'Old Age in Germany (D80+)' study","Hajek A, König HH, Sutin AR, Terracciano A, Luchetti M, Stephan Y, Gyasi RM.","Psychogeriatrics. 2024 Jul;24(4):838-846. doi: 10.1111/psyg.13129. Epub 2024 May 3.","Hajek A","Psychogeriatrics","2024","2024/05/03","PMC11578033","","10.1111/psyg.13129"
"39397748","Alcohol use disorders among healthcare professionals: a call for action","Waithera HW, Ndumwa HP, Njiro BJ, Chande-Mallya R, Julius W, Swahn M, Staton CA, Francis JM.","Health Promot Int. 2024 Oct 1;39(5):daae121. doi: 10.1093/heapro/daae121.","Waithera HW","Health Promot Int","2024","2024/10/14","","","10.1093/heapro/daae121"
"38989546","Implementing a community rotation to the internship training in Kenya: barriers and enablers","Kioko P, De Meijer F, Lusambili A, Gathu C.","Educ Prim Care. 2024 Sep;35(5):137-146. doi: 10.1080/14739879.2024.2370537. Epub 2024 Jul 11.","Kioko P","Educ Prim Care","2024","2024/07/11","","","10.1080/14739879.2024.2370537"
"39429544","Vaccine decision-making among pregnant women: a protocol for a cross-sectional mixed-method study in Brazil, Ghana, Kenya and Pakistan","Schue JL, Singh P, Fesshaye B, Miller ES, Quinn S, Karron RA, Souza RT, Costa ML, Cecatti JG, Torpey K, Badzi CD, Modey E, Guure C, Okwaro F, Temmerman M, Jessani S, Saleem S, Asim M, Nausheen S, Yasmeen H, Belayneh G, Brizuela V, Gottlieb S, Limaye RJ.","Gates Open Res. 2024 Oct 21;8:94. doi: 10.12688/gatesopenres.16280.1. eCollection 2024.","Schue JL","Gates Open Res","2024","2024/10/21","PMC11489405","","10.12688/gatesopenres.16280.1"
"39536475","Vaccine spillover effects in Africa: A cross-national study of vaccine spillover and confidence in Kenya, Nigeria, and South Africa","Lockman A, Callaghan T, Blackburn CC, Colwell B.","Vaccine. 2025 Jan 1;43(Pt 2):126528. doi: 10.1016/j.vaccine.2024.126528. Epub 2024 Nov 12.","Lockman A","Vaccine","2025","2024/11/13","","","10.1016/j.vaccine.2024.126528"
"39012685","Estimating the Global and Regional Burden of Streptococcus pneumoniae Meningitis in Children: Protocol for a Systematic Review and Meta-Analysis","Park JJ, Tiefenbach J, Anwar MM, Narayanan S, Ope B, Bin Han SS, Ale BM, Adeloye D, Rudan I.","JMIR Res Protoc. 2024 Jul 16;13:e50678. doi: 10.2196/50678.","Park JJ","JMIR Res Protoc","2024","2024/07/16","PMC11289570","","10.2196/50678"
"39744989","Some Lessons From Participatory Evaluation of the COVID-19 Response in the African Region","Phori P, Fawcett S, Nikiema Nidjergou N, Mpeke-Ntollo L, Kirigia D, Kakule Siku D, Mwakisha J, Amalet AB, Ndzondo F, Diouf AW.","Health Promot Pract. 2025 Jan 2:15248399241303887. doi: 10.1177/15248399241303887. Online ahead of print.","Phori P","Health Promot Pract","2025","2025/01/02","","","10.1177/15248399241303887"
"39304861","Improving possible serious bacterial infection (PSBI) management in young infants when referral is not feasible: lessons from embedded implementation research in Ethiopia and Kenya","Tiruneh GT, Odwe G, K'Oduol K, Gwaro H, Fesseha N, Moraa Z, Haake Kamberos A, Hasan MM, Magge H, Nisar YB, Hirschhorn LR.","BMC Pediatr. 2024 Sep 21;24(1):599. doi: 10.1186/s12887-024-05070-w.","Tiruneh GT","BMC Pediatr","2024","2024/09/20","PMC11415999","","10.1186/s12887-024-05070-w"
"40361217","Development of monoclonal antibodies against SARS-CoV-2 nucleocapsid protein for COVID-19 antigen detection","Mutua MM, Kanoi BN, Nyanjom SG, Musundi S, Makau M, Inoue S, Khamadi SA, Gitaka J, Wandera EA.","Trop Med Health. 2025 May 13;53(1):69. doi: 10.1186/s41182-025-00756-y.","Mutua MM","Trop Med Health","2025","2025/05/13","PMC12070761","","10.1186/s41182-025-00756-y"
"40415686","Assessing the Effect of the COVID-19 Pandemic on Community Health Services: A Pre-post Analysis","Juttla PK, Kimani B, Kamita M, Kariuki T, Wachira N, Odongo AO, Mwancha-Kwasa M.","Inquiry. 2025 Jan-Dec;62:469580251338681. doi: 10.1177/00469580251338681. Epub 2025 May 26.","Juttla PK","Inquiry","2025","2025/05/26","PMC12107004","","10.1177/00469580251338681"
"39163391","Outcomes of different steroid dosing regimens in critical Covid-19 pneumonia at a Kenyan hospital: A retrospective cohort study","Odhiambo JO, Shah J, Kunyiha N, Makasa C, Riunga F.","PLoS One. 2024 Aug 20;19(8):e0307265. doi: 10.1371/journal.pone.0307265. eCollection 2024.","Odhiambo JO","PLoS One","2024","2024/08/20","PMC11335146","","10.1371/journal.pone.0307265"
"39896875","A core outcome set for maternal and neonatal health research and surveillance of emerging and ongoing epidemic threats (MNH-EPI-COS): a modified Delphi-based international consensus","Pingray V, Klein K, Alonso JP, Belizan M, Babinska M, Alger J, Barsosio HC, Blackburn K, Bolaji O, Carson C, Castiglioni S, De Luca D, Dhaded S, Engmann C, Escobar Vidarte MF, Escuriet R, Kara E, Kim CR, Knight M, Lamprianou S, Lota MM, Mader S, Madrid L, Marcone AL, Mazzoni A, Montenegro RM, Mukisa-Bisoborwa R, Munoz FM, Okomo U, Okong P, Ortega V, Salva FA, Schwartz DA, Sudjaritruk T, Yates L, Younus M, Zafar N, Oladapo OT, Berrueta M, Bonet M.","EClinicalMedicine. 2025 Jan 15;80:103025. doi: 10.1016/j.eclinm.2024.103025. eCollection 2025 Feb.","Pingray V","EClinicalMedicine","2025","2025/02/03","PMC11786750","","10.1016/j.eclinm.2024.103025"
"40366227","Experiences of Young Women Living in Kibra, Kenya, on HIV Risk and Sexual Violence: A Descriptive Study","Ndakuya-Fitzgerald F, Dressel AE, Mkandawire-Valhmu L, Langat B, Ngui E, Kako TD, Nzioka C, Kako PM.","J Assoc Nurses AIDS Care. 2025 May 14. doi: 10.1097/JNC.0000000000000560. Online ahead of print.","Ndakuya-Fitzgerald F","J Assoc Nurses AIDS Care","2025","2025/05/14","","","10.1097/JNC.0000000000000560"
"38905478","Effects of Multimonth Dispensing on Viral Suppression and Continuity in Treatment Among Children Living With HIV Aged 2-9 Years: A Cohort Study in Western Kenya","Oyuga R, Amadi E, Blanco N, Ndaga A, Abuya K, Oneya D, Ng'eno C, Koech E, Lavoie MC.","J Acquir Immune Defic Syndr. 2024 Jul 1;96(3):290-298. doi: 10.1097/QAI.0000000000003430.","Oyuga R","J Acquir Immune Defic Syndr","2024","2024/06/21","","","10.1097/QAI.0000000000003430"
"40187784","Framework to guide the use of mathematical modelling in evidence-based policy decision-making","Oliwa J, Guleid FH, Owek CJ, Maluni J, Jepkosgei J, Nzinga J, Were VO, Sim SY, Walekhwa AW, Clapham H, Dabak S, Kc S, Hadley L, Undurraga E, Hagedorn BL, Hutubessy RC.","BMJ Open. 2025 Apr 5;15(4):e093645. doi: 10.1136/bmjopen-2024-093645.","Oliwa J","BMJ Open","2025","2025/04/05","PMC11973756","","10.1136/bmjopen-2024-093645"
"39951084","Facility Readiness Assessment for Maternal Immunization: Results of Field Testing in Kenya and Bangladesh","Noguchi L, Njogu R, Morgan C, Yunus S, Kabue M, Rahman S, Annibal K, Karron RA.","Pediatr Infect Dis J. 2025 Feb 1;44(2S):S101-S104. doi: 10.1097/INF.0000000000004608. Epub 2025 Feb 14.","Noguchi L","Pediatr Infect Dis J","2025","2025/02/14","","","10.1097/INF.0000000000004608"
"40082217","The Global Influenza Hospital Surveillance Network: A Multicountry Public Health Collaboration","Nunes MC, Chauvel C, Raboni SM, López-Labrador FX, Andrew MK, Badar N, Baillie V, Bal A, Baral K, Baumeister E, Boutros C, Burtseva E, Coulibaly D, Cowling B, Danilenko D, Dbaibo G, Destras G, Dia N, Drăgănescu AC, Giamberardino HIG, Gomez-Camargo D, Josset L, Koul PA, Kyncl J, Laguna-Torres VA, Launay O, Nugyen LBL, McNeil S, Medić S, Mira-Iglesias A, Mironenko A, Nitsch-Osuch A, Orrico-Sánchez A, Otieno NA, Regue H, Ruiz-Palacios GM, Salah AB, Salman M, Săndulescu O, Simon V, Sominina A, Sordillo E, Tanriover MD, Unal S, van Bakel H, Vanhems P, Zhang T, Commaille-Chapus C, Hunsinger C, Bresee J, Lina B, McCauley JW, Ortiz JR, Viboud C, Zhang W, Torcel-Pagnon L, Mahe C, Chaves SS.","Influenza Other Respir Viruses. 2025 Mar;19(3):e70091. doi: 10.1111/irv.70091.","Nunes MC","Influenza Other Respir Viruses","2025","2025/03/13","PMC11906252","","10.1111/irv.70091"
"38916836","Spatial examination of social and environmental drivers of Middle East respiratory syndrome coronavirus (MERS-CoV) across Kenya","Lawrence TJ, Kangogo GK, Fredman A, Deem SL, Fèvre EM, Gluecks I, Brien JD, Shacham E.","Ecohealth. 2024 Dec;21(2-4):155-173. doi: 10.1007/s10393-024-01684-9. Epub 2024 Jun 25.","Lawrence TJ","Ecohealth","2024","2024/06/25","PMC11649862","","10.1007/s10393-024-01684-9"
"40059837","Understanding zoonotic pathogens and risk factors from wildlife in Southeast Asia: a systematic literature review","Nguyen HTT, Lindahl JF, Bett B, Nguyen-Viet H, Lâm S, Nguyen-Tien T, Unger F, Dang-Xuan S, Bui TX, Le HT, Lundkvist Å, Ling J, Lee HS.","Vet Q. 2025 Dec;45(1):1-17. doi: 10.1080/01652176.2025.2475990. Epub 2025 Mar 10.","Nguyen HTT","Vet Q","2025","2025/03/10","PMC11894755","","10.1080/01652176.2025.2475990"
"39460263","A Population-Based Study of SARS-CoV-2 IgG Antibody Responses to Vaccination in Manitoba","Martens B, Van Caeseele P, Bullard J, Loeppky C, Wei Y, Reimer J, McKinnon LR, Shaw SY, Kindrachuk J, Stein DR.","Vaccines (Basel). 2024 Sep 26;12(10):1095. doi: 10.3390/vaccines12101095.","Martens B","Vaccines (Basel)","2024","2024/10/26","PMC11511381","","10.3390/vaccines12101095"
"38273765","How adolescents' lives were disrupted over the course of the COVID-19 pandemic: A longitudinal investigation in 12 cultural groups in 9 nations from March 2020 to July 2022","Rothenberg WA, Skinner AT, Lansford JE, Bacchini D, Bornstein MH, Chang L, Deater-Deckard K, Di Giunta L, Dodge KA, Gurdal S, Junla D, Liu Q, Long Q, Oburu P, Pastorelli C, Sorbring E, Steinberg L, Tirado LMU, Yotanyamaneewong S, Alampay LP, Al-Hassan SM.","Dev Psychopathol. 2025 Feb;37(1):325-341. doi: 10.1017/S0954579423001621. Epub 2024 Jan 26.","Rothenberg WA","Dev Psychopathol","2025","2024/01/26","PMC11272905","NIHMS1952450","10.1017/S0954579423001621"
"39116640","Strenuous expression of porcine epidemic diarrhea virus ORF3 protein suggests host resistance","Kamau AN, Yu JE, Park ES, Rho JR, Hong EJ, Shin HJ.","Vet Microbiol. 2024 Oct;297:110193. doi: 10.1016/j.vetmic.2024.110193. Epub 2024 Jul 26.","Kamau AN","Vet Microbiol","2024","2024/08/08","","","10.1016/j.vetmic.2024.110193"
"40478857","SARS-COV-2 mutations in North Rift, Kenya","Mbogori E, Thiongo K, Deng HY, Gikunyu CW, Cheriro W, Musyoki S, Biegon R, Matoke-Muhia D, Patel K, Liang B, Songok E.","PLoS One. 2025 Jun 6;20(6):e0325133. doi: 10.1371/journal.pone.0325133. eCollection 2025.","Mbogori E","PLoS One","2025","2025/06/06","PMC12143566","","10.1371/journal.pone.0325133"
"40222381","The 2025 report of the Lancet Countdown to 2030 for women's, children's, and adolescents' health: tracking progress on health and nutrition","Amouzou A, Barros AJD, Requejo J, Faye C, Akseer N, Bendavid E, Blumenberg C, Borghi J, El Baz S, Federspiel F, Ferreira LZ, Hazel E, Heft-Neal S, Hellwig F, Liu L, Maïga A, Munos M, Pitt C, Shawar YR, Shiffman J, Tam Y, Walker N, Akilimali P, Alkema L, Behanzin P, Binyaruka P, Bhutta Z, Blanchard A, Blencowe H, Bradley E, Brikci N, Caicedo-Velásquez B, Costello A, Dotse-Gborgbortsi W, El Arifeen S, Ezzati M, Freedman LP, Guillot M, Hanson C, Heidkamp R, Huicho L, Izugbara C, Jiwani SS, Kabiru C, Kiarie H, Kinney M, Kirakoya-Samadoulougou F, Lawn J, Madise N, Mady GRM, Masquelier B, Melesse D, Nilsen K, Perin J, Ram U, Romanello M, Saad GE, Sharma S, Sidze EM, Spiegel P, Tappis H, Tatem AJ, Temmerman M, Victora CG, Villavicencio F, Wado Y, Waiswa P, Wakefield J, Walton S, You D, Chopra M, Black RE, Boerma T.","Lancet. 2025 Apr 26;405(10488):1505-1554. doi: 10.1016/S0140-6736(25)00151-5. Epub 2025 Apr 10.","Amouzou A","Lancet","2025","2025/04/13","","","10.1016/S0140-6736(25)00151-5"
"39626278","Hand Hygiene Knowledge and Hand Dirtiness Assessment to Inform Alcohol-Based Hand Rub Appropriateness in Community Settings in Uganda and Kenya","Hug C, Mugambi EM, Kesande M, Pratt C, Maru L, Odinoh R, Tusabe F, Lozier MJ, Trinies V, Prentice-Mott G, Medley A, Kossik A, Ngere I, Njenga MK, Lamorde M, Berendes D.","Am J Trop Med Hyg. 2024 Dec 3;112(2):441-450. doi: 10.4269/ajtmh.24-0124. Print 2025 Feb 5.","Hug C","Am J Trop Med Hyg","2024","2024/12/03","PMC11803659","","10.4269/ajtmh.24-0124"
"39902315","Hybrid versus vaccine immunity of mRNA-1273 among people living with HIV in East and Southern Africa: a prospective cohort analysis from the multicentre CoVPN 3008 (Ubuntu) study","Garrett N, Tapley A, Hudson A, Dadabhai S, Zhang B, Mgodi NM, Andriesen J, Takalani A, Fisher LH, Kee JJ, Magaret CA, Villaran M, Hural J, Andersen-Nissen E, Ferarri G, Miner MD, Le Roux B, Wilkinson E, Lessells R, de Oliveira T, Odhiambo J, Shah P, Polakowski L, Yacovone M, Samandari T, Chirenje Z, Elyanu PJ, Makhema J, Kamuti E, Nuwagaba-Biribonwoha H, Badal-Faesen S, Brumskine W, Coetzer S, Dawson R, Delany-Moretlwe S, Diacon AH, Fry S, Gill KM, Ebrahim Hoosain ZA, Hosseinipour MC, Inambao M, Innes C, Innes S, Kalonji D, Kasaro M, Kassim P, Kayange N, Kilembe W, Laher F, Malahleha M, Maluleke VL, Mboya G, McHarry K, Mitha E, Mngadi K, Mda P, Moloantoa T, Mutuluuza CK, Naicker N, Naicker V, Nana A, Nanvubya A, Nchabeleng M, Otieno W, Potgieter EL, Potloane D, Punt Z, Said J, Singh Y, Tayob MS, Vahed Y, Wabwire DO, McElrath MJ, Kublin JG, Bekker LG, Gilbert PB, Corey L, Gray GE, Huang Y, Kotze P; CoVPN 3008 Ubuntu Study Team.","EClinicalMedicine. 2025 Jan 20;80:103054. doi: 10.1016/j.eclinm.2024.103054. eCollection 2025 Feb.","Garrett N","EClinicalMedicine","2025","2025/02/04","PMC11788791","","10.1016/j.eclinm.2024.103054"
"40345847","Creating a Career Development Path for Young Supply Chain Professionals: Three Case Studies in Benin, Kenya, and South Africa","Msimuko R, Missihoun RS, Peebles C, Froome J, Matowe L, Steele P.","Glob Health Sci Pract. 2025 May 9;13(Suppl 1):e2300320. doi: 10.9745/GHSP-D-23-00320. Print 2025 May 9.","Msimuko R","Glob Health Sci Pract","2025","2025/05/09","PMC12063747","","10.9745/GHSP-D-23-00320"
"40097947","Factors shaping the mental health of healthcare workers during the COVID-19 pandemic: a qualitative study in Ghana","Gyamerah AO, Odiase OJ, Habib HH, Achana F, Canizares A, Getahun M, Aborigo R, Ouner JJ, Malechi H, Koku Awoonor-Williams J, Afulani PA.","BMC Health Serv Res. 2025 Mar 17;25(1):388. doi: 10.1186/s12913-025-12476-4.","Gyamerah AO","BMC Health Serv Res","2025","2025/03/18","PMC11912739","","10.1186/s12913-025-12476-4"
"40406974","Evaluating self-reported vaccination hesitancy in mobile phone surveys in low- and middle-income countries: learned lessons from Ethiopia, Indonesia, Kenya, and Malawi","Rego RT, Reneau K, Zhukov Y, Rice K, Brady P, Siwo G, Kollman K, Odero S, Mokaya M, Abubakar A, Pienta A, Waljee AK.","J Glob Health. 2025 May 23;15:04066. doi: 10.7189/jogh.15.04066.","Rego RT","J Glob Health","2025","2025/05/23","PMC12100674","","10.7189/jogh.15.04066"
"40065753","Exploring adolescents' mental health in Kampala, Uganda in the context of COVID-19: a mixed methods study","Mbithi G, Sarki A, Mabrouk A, Odhiambo R, Namuguzi M, Atukwatse J, Kabue M, Mulupi S, Abubakar A.","Front Child Adolesc Psychiatry. 2025 Feb 24;4:1419043. doi: 10.3389/frcha.2025.1419043. eCollection 2025.","Mbithi G","Front Child Adolesc Psychiatry","2025","2025/03/11","PMC11891163","","10.3389/frcha.2025.1419043"
"40448188","Digital activism in Kenya: moving from the digital center to the digital periphery of Long Covid experience","Mendenhall E, Kamau LW, Kenworthy N, Bosire EN.","Global Health. 2025 May 30;21(1):33. doi: 10.1186/s12992-025-01120-9.","Mendenhall E","Global Health","2025","2025/05/30","PMC12123976","","10.1186/s12992-025-01120-9"
"39967724","Asymptomatic testing people for SARS-CoV-2 in healthcare facilities: A systematic review","Oduwole OA, Bassey G, Esebanmen G, Shoyinka S, Ohenhen J, Cogo E, Henschke N, Ochodo E, Meremikwu MM.","J Public Health Afr. 2025 Jan 3;16(2):581. doi: 10.4102/jphia.v16i2.581. eCollection 2025.","Oduwole OA","J Public Health Afr","2025","2025/02/19","PMC11830837","","10.4102/jphia.v16i2.581"
"40444353","Recovery and long-term health outcomes of SARS-CoV-2 infection in a prospective cohort in an urban setting, Kenya","Kisiangani I, Jornada Ben Â, Wynberg E, Wami W, Iddi S, Kinya I, Vassall A, Kyobutungi C, Ziraba A, Njeru J, Mugenda O, Kiguoya MW, Kimondo M, Githua G, de Jong MD, Mohamed SF, Asiki G, Schultsz C.","Glob Health Action. 2025 Dec;18(1):2500795. doi: 10.1080/16549716.2025.2500795. Epub 2025 May 30.","Kisiangani I","Glob Health Action","2025","2025/05/30","PMC12128128","","10.1080/16549716.2025.2500795"
"40439429","Application of a high-resolution melt assay for monitoring SARS-CoV-2 variants in Burkina Faso and Kenya","Greenland-Bews C, Shah S, Achieng M, Badoum ES, Bah Y, Barsosio HC, Brazal-Monzó H, Canizales J, Drabko A, Fraser AJ, Hannan L, Jarju S, Kaboré J-M, Kujabi MA, Leggio C, Lesosky M, Manneh J, Marlais T, Matthewman J, Nebié I, Onyango E, Ouedraogo A, Otieno K, Serme SS, Sirima S, Soulama B, Tangara B, Tiono A, Wu W, Adams ER, Sesay AK, Drakeley C, Ter Kuile FO, Soulama I, Kariuki S, Allen DJ, Edwards T.","mSphere. 2025 May 29:e0002725. doi: 10.1128/msphere.00027-25. Online ahead of print.","Greenland-Bews C","mSphere","2025","2025/05/29","","","10.1128/msphere.00027-25"
"40437478","Addressing the HIV/AIDS investment gap through stronger public financial management systems: a human-centered approach","Mann C, Reuben E, Baker S, Hijazi M, Nandakumar AK, Shetty P, Stanley R, Igboelina O, Nyombi G, Nzoya D, Oli S, Kena G, Piña C, Tuchman J, Sklaw K, Kola-Jebutu A, Lohar I, Cam ANT, Kamdem ST, Kouadio Kouadio YM.","BMC Health Serv Res. 2025 May 28;24(Suppl 1):1670. doi: 10.1186/s12913-024-11324-1.","Mann C","BMC Health Serv Res","2025","2025/05/28","PMC12117667","","10.1186/s12913-024-11324-1"
"40063663","Implementation of Smart Triage combined with a quality improvement program for children presenting to facilities in Kenya and Uganda: An interrupted time series analysis","Ansermino JM, Pillay Y, Tagoola A, Zhang C, Dunsmuir D, Kamau S, Kigo J, Agaba C, Aye IA, Hwang B, Novakowski SK, Huxford C, Wiens MO, Kimutai D, Ouma M, Ahmed I, Mwaniki P, Oyella F, Tenywa E, Nambuya H, Toliva BO, Kenya-Mugisha N, Kissoon N, Akech S; Pediatric Sepsis CoLab.","PLOS Digit Health. 2025 Mar 10;4(3):e0000466. doi: 10.1371/journal.pdig.0000466. eCollection 2025 Mar.","Ansermino JM","PLOS Digit Health","2025","2025/03/10","PMC11892856","","10.1371/journal.pdig.0000466"
"40010777","Early warning and response systems for respiratory disease outbreaks: lessons learnt from cluster-associated cases of acute respiratory illnesses in Gilgil subcounty, Nakuru County, Kenya, 2021","Ngere P, Gharpure R, Mamuti S, Munyua P, Njenga MK, Makayotto L, Ndegwa L, Nakadio EL, Kalani R, Abade A, Kiptoo E, Rotich J, Cheruiyot E, Emukule GO, Osoro E, Lidechi S, Herman-Roloff A, Arunmozhi Balajee A.","BMJ Glob Health. 2025 Feb 25;10(2):e016418. doi: 10.1136/bmjgh-2024-016418.","Ngere P","BMJ Glob Health","2025","2025/02/26","PMC11865744","","10.1136/bmjgh-2024-016418"
"39224329","Transformational leadership in a crisis: Dimensional analysis with psychological capital","Njaramba F.","Heliyon. 2024 Aug 10;10(16):e35900. doi: 10.1016/j.heliyon.2024.e35900. eCollection 2024 Aug 30.","Njaramba F","Heliyon","2024","2024/09/03","PMC11366892","","10.1016/j.heliyon.2024.e35900"
"39732637","Evaluation of population immunity against SARS-CoV-2 variants, EG.5.1, FY.4, BA.2.86, JN.1, JN.1.4, and KP.3.1.1 using samples from two health demographic surveillance systems in Kenya","Lugano D, Kutima B, Kimani M, Sigilai A, Gitonga J, Karani A, Akech D, Karia B, Ziraba AK, Maina A, Lambisia A, Omuoyo D, Mugo D, Lucinde R, Owuor S, Konyino G, Newman J, Bailey D, Nduati E, Githinji G, Agoti CN, Bejon P, Scott JAG, Agweyu A, Kagucia W, Warimwe GM, Sande C, Ochola-Oyier LI, Nyagwange J.","BMC Infect Dis. 2024 Dec 28;24(1):1474. doi: 10.1186/s12879-024-10367-3.","Lugano D","BMC Infect Dis","2024","2024/12/28","PMC11682625","","10.1186/s12879-024-10367-3"
"40321290","Neutralizing Antibody Responses After mRNA COVID-19 Booster Vaccination are Unaffected by Parasitemia in a Malaria-Endemic Setting","Samandari T, Achola M, Hutter JN, Mboya G, Otieno W, Kee JJ, Huang Y, Aponte JJ, Ockenhouse CF, Lee CK, Polakowski L, Yacovone M, Tapley A, Dadabhai S, Mkhize NN, Kaldine H, Bhebhe S, Moore PL, Hural J, Garrett N, Kublin JG.","medRxiv [Preprint]. 2025 Apr 16:2025.04.12.25325718. doi: 10.1101/2025.04.12.25325718.","Samandari T","medRxiv","2025","2025/05/05","PMC12047954","","10.1101/2025.04.12.25325718"
"40435155","Assessing the impact of Covid-19 on nurturing care in nairobi slums: Findings from 5 rounds of cross-sectional telephone surveys","Hughes RC, Onyango S, Langat N, Muendo R, Juel R, Kimani-Murage E, Hill Z, Kirkwood B, Bhopal SS, Kitsao-Wekulo P.","PLOS Glob Public Health. 2025 May 28;5(5):e0003286. doi: 10.1371/journal.pgph.0003286. eCollection 2025.","Hughes RC","PLOS Glob Public Health","2025","2025/05/28","PMC12118846","","10.1371/journal.pgph.0003286"
"39185605","The impact of digital interventions on health insurance coverage for reproductive, maternal, newborn and child health services utilization in Kakamega, Kenya: a cluster randomized controlled trial","Abajobir A, de Groot R, Wainaina C, Pradhan M, Janssens W, Sidze EM.","Health Policy Plan. 2024 Nov 14;39(10):1007-1021. doi: 10.1093/heapol/czae079.","Abajobir A","Health Policy Plan","2024","2024/08/26","PMC11959180","","10.1093/heapol/czae079"
"40357183","Factors influencing uptake of diagnostic test interventions for SARS-CoV-2: A qualitative review","Nwachuku NS, Arikpo DI, Agbor UJ, Onyenemerem PN, Ochodo EA, Smith H, Meremikwu M.","J Public Health Afr. 2025 Apr 28;16(2):619. doi: 10.4102/jphia.v16i2.619. eCollection 2025.","Nwachuku NS","J Public Health Afr","2025","2025/05/13","PMC12067561","","10.4102/jphia.v16i2.619"
"39890226","Emergence and spread of the SARS-CoV-2 omicron (BA.1) variant across Africa: an observational study","Fischer C, Maponga TG, Yadouleton A, Abílio N, Aboce E, Adewumi P, Afonso P, Akorli J, Andriamandimby SF, Anga L, Ashong Y, Beloufa MA, Bensalem A, Birtles R, Boumba ALM, Bwanga F, Chaponda M, Chibukira P, Chico RM, Chileshe J, Choga W, Chongwe G, Cissé A, Cissé F, D'Alessandro U, de Lamballerie X, de Morais JFM, Derrar F, Dia N, Diarra Y, Doumbia L, Drosten C, Dussart P, Echodu R, Eloualid A, Faye O, Feldt T, Frühauf A, Gaseitsiwe S, Halatoko A, Iipumbu E, Ilouga PV, Ismael N, Jambou R, Jarju S, Kamprad A, Katowa B, Kayiwa J, King'wara L, Koita O, Lacoste V, Lagare A, Landt O, Lekana-Douki SE, Lekana-Douki JB, Loemba H, Luedde T, Lutwama J, Mamadou S, Maman I, Manyisa B, Martinez PA, Matoba J, Mhuulu L, Moreira-Soto A, Moyo S, Mwangi J, N'dilimabaka N, Nassuna CA, Ndiath MO, Nepolo E, Njouom R, Nourlil J, Nyanjom SG, Odari EO, Okeng A, Ouoba JB, Owusu M, Donkor IO, Phadu KK, Phillips RO, Preiser W, Roques P, Ruhanya V, Salah F, Salifou S, Sall AA, Sylverken AA, Tagnouokam-Ngoupo PA, Tarnagda Z, Tchikaya FO, Tordo N, Tufa TB, Drexler JF.","Lancet Glob Health. 2025 Feb;13(2):e256-e267. doi: 10.1016/S2214-109X(24)00419-4.","Fischer C","Lancet Glob Health","2025","2025/01/31","","","10.1016/S2214-109X(24)00419-4"
"39591654","A Cross-Sectional Study of the Use of Antigen Rapid Diagnostic Tests for Community Identification of SARS-CoV-2 in Kenya","Masaba R, Siamba S, Hoffman HJ, Osire E, Kimani N, Kwasa M, Songane M, Denoeud-Ndam L.","Am J Trop Med Hyg. 2024 Nov 26;112(4_Suppl):17-25. doi: 10.4269/ajtmh.23-0756. Print 2025 Apr 1.","Masaba R","Am J Trop Med Hyg","2024","2024/11/26","PMC11965722","","10.4269/ajtmh.23-0756"
"40045898","Severity Scale of Influenza and Acute Respiratory Illness Hospitalizations to Support Viral Genomic Surveillance: A Global Influenza Hospital Surveillance Network Pilot Study","Boudewijns B, Caini S, Del Riccio M, Nunes MC, Chaves SS, Andrew MK, Ortiz JR, Săndulescu O, Bresee JS, Burtseva E, Coulibaly D, Danilenko DM, Stolyarov K, Drăgănescu AC, Tanriover MD, Giamberardino HIG, Koul PA, Lopez-Labrador FX, McNeil SA, Mira-Iglesias A, Orrico-Sanchez A, Otieno NA, Ayugi J, Raboni SM, Spreeuwenberg P.","Influenza Other Respir Viruses. 2025 Mar;19(3):e70085. doi: 10.1111/irv.70085.","Boudewijns B","Influenza Other Respir Viruses","2025","2025/03/06","PMC11883289","","10.1111/irv.70085"
"38274670","Planning with a gender lens: A gender analysis of pandemic preparedness plans from eight countries in Africa","Essue BM, Kapiriri L, Mohamud H, Veléz MC, Kiwanuka S.","Health Policy Open. 2023 Dec 12;6:100113. doi: 10.1016/j.hpopen.2023.100113. eCollection 2024 Dec.","Essue BM","Health Policy Open","2023","2024/01/26","PMC10809111","","10.1016/j.hpopen.2023.100113"
"39696779","Plasma transfusion in the intensive care unit","van Haeren MMT, Raasveld SJ, de Bruin S, Reuland MC, van den Oord C, Schenk J, Aubron C, Bakker J, Cecconi M, Feldheiser A, de Grooth HJ, Meier J, Scheeren TWL, McQuilten Z, Flint A, Hamid T, Piagnerelli M, Mahečić TT, Benes J, Russell L, Aguirre-Bermeo H, Triantafyllopoulou K, Chantziara V, Gurjar M, Myatra SN, Pota V, Elhadi M, Gawda R, Mourisco M, Lance M, Neskovic V, Podbregar M, Llau JV, Quintana-Diaz M, Cronhjort M, Pfortmueller CA, Yapici N, Nielsen ND, Shah A, Vlaar APJ, Müller MCA; InPUT Study Group.","Transfusion. 2025 Jan;65(1):73-87. doi: 10.1111/trf.18071. Epub 2024 Dec 18.","van Haeren MMT","Transfusion","2025","2024/12/19","PMC11747124","","10.1111/trf.18071"
"39557747","Effectiveness of a Novel Global Telemedicine Curriculum for Medical Students","Doshi P, Donovan AK, Kim EJ, Moretti M, Chan SY, Veldkamp PJ, Schikowski EM.","J Gen Intern Med. 2025 Feb;40(3):703-707. doi: 10.1007/s11606-024-09190-y. Epub 2024 Nov 18.","Doshi P","J Gen Intern Med","2025","2024/11/18","PMC11861470","","10.1007/s11606-024-09190-y"
"39055586","May Measurement Month 2021: an analysis of blood pressure screening results from Kenya","Mbau L, Gitura B, Nguchu H, Moraa Y, Samia B, Beaney T, Toopchiani S, Poulter NR, Ogola E.","Eur Heart J Suppl. 2024 Jul 24;26(Suppl 3):iii51-iii54. doi: 10.1093/eurheartjsupp/suae057. eCollection 2024 Jun.","Mbau L","Eur Heart J Suppl","2024","2024/07/26","PMC11267713","","10.1093/eurheartjsupp/suae057"
"40065291","Violence against healthcare workers in Kenya: a cross-sectional sub-analysis of the global vishwas study","Shah R, Shah J, Qasba RK, Qasba RK, Mbithi A, Njenga E, Banga A, Kashyap R, Surani S.","BMC Public Health. 2025 Mar 10;25(1):938. doi: 10.1186/s12889-024-20753-w.","Shah R","BMC Public Health","2025","2025/03/11","PMC11892256","","10.1186/s12889-024-20753-w"
"39262107","Artificial intelligence and health information: A bibliometric analysis of three decades of research","Aldousari E, Kithinji D.","Health Informatics J. 2024 Jul-Sep;30(3):14604582241283969. doi: 10.1177/14604582241283969.","Aldousari E","Health Informatics J","2024","2024/09/12","","","10.1177/14604582241283969"
"38873637","A qualitative assessment of influenza vaccine uptake among children in Kenya","Liku N, Mburu C, Lafond KE, Ebama M, Athman M, Swaleh S, Jewa I, Ngware E, Njenga V, Kiptoo E, Munyao C, Miano C, Anyango E, Thuo S, Matini W, Mirieri H, Otieno N, Athman M, Chanzera P, Awadh Z, Muthoni M, Kingori P, Kariuki Njenga M, Emukule GO, Osoro E, Tabu C, Dawa J.","Vaccine X. 2024 May 27;19:100507. doi: 10.1016/j.jvacx.2024.100507. eCollection 2024 Aug.","Liku N","Vaccine X","2024","2024/06/14","PMC11169957","","10.1016/j.jvacx.2024.100507"
"40083354","Post-exposure testing at healthcare facilities with SARS-CoV-2 transmission: A rapid review","Effa EE, Ita O, Mwankon J, Siyanbade F, Iwomi F, Ochodo E, Villanueva G, Meremikwu MM.","J Public Health Afr. 2025 Feb 23;16(2):623. doi: 10.4102/jphia.v16i2.623. eCollection 2025.","Effa EE","J Public Health Afr","2025","2025/03/14","PMC11905177","","10.4102/jphia.v16i2.623"
"39978327","Molecular Analysis of Human Respiratory Syncytial Virus Group B Strains Isolated in Kenya Before and During the Emergence of Pandemic Influenza A/H1N1","Wangui J, Gachara G, Mobegi V, Agoti C, Otieno J, Opanda S, Opot B, Ngeranwa JN, Njeru R, Bulimo W.","Influenza Other Respir Viruses. 2025 Feb;19(2):e70082. doi: 10.1111/irv.70082.","Wangui J","Influenza Other Respir Viruses","2025","2025/02/20","PMC11842092","","10.1111/irv.70082"
"39521569","Pandemic-related resilience in HPV vaccination programmes - Perspectives from selected countries in Africa on what it will take to vaccinate 90 % of girls by 2030","Kouassi KS, Chisupa E, Clarke A, Massenon I, Miano C, Mutuku F, Wanyoike S, Mumba M, Diouf R, Morgan C, Jennings MC.","Vaccine. 2024 Jul 11;42 Suppl 2:S33-S36. doi: 10.1016/j.vaccine.2023.08.057. Epub 2024 Nov 7.","Kouassi KS","Vaccine","2024","2024/11/09","","","10.1016/j.vaccine.2023.08.057"
"40115045","Infrastructure, capabilities, and capacities required for clinical trials design and delivery: A rapid scoping review of recommendations and regulations","Merson L, Witt K, Hussaini A, Siddiqui A, Harriss E, Webb S, Njuguna P, K Shah D, Chan AW, Terry R, Siegfried N, Stolow J, Denis E, Hashmi M.","Wellcome Open Res. 2025 Mar 6;9:729. doi: 10.12688/wellcomeopenres.23135.2. eCollection 2024.","Merson L","Wellcome Open Res","2025","2025/03/21","PMC11923532","","10.12688/wellcomeopenres.23135.2"
"39070930","Trust in health workers and patient-centeredness of care were strongest factors associated with vaccination for Kenyan children born between 2017-2022","Moucheraud C, Ochieng E, Ogutu V, Sudhinaraset M, Szilagyi PG, Hoffman RM, Glenn B, Golub G, Njomo D.","Vaccine X. 2024 Jul 4;19:100523. doi: 10.1016/j.jvacx.2024.100523. eCollection 2024 Aug.","Moucheraud C","Vaccine X","2024","2024/07/29","PMC11283225","","10.1016/j.jvacx.2024.100523"
"39581634","Assessing alcohol industry penetration and government safeguards: the International Alcohol Control Study","Leung JYY, Casswell S, Randerson S, Athauda L, Banavaram A, Callinan S, Campbell O, Chaiyasong S, Dearak S, Dumbili EW, Romero-García L, Gururaj G, Kalapat R, Karki K, Karlsson T, Kong M, Liu S, Maldonado Vargas ND, Gonzalez-Mejía JF, Naimi T, Nthomang K, Oladunni O, Owino K, Herrera Palacio JC, Phatchana P, Pradhan PMS, Rossow I, Shorter G, Sibounheuang V, Štelemėkas M, Son DT, Vallance K, van Dalen W, Wettlaufer A, Zamora A, Jankhotkaew J.","BMJ Glob Health. 2024 Nov 24;9(11):e016093. doi: 10.1136/bmjgh-2024-016093.","Leung JYY","BMJ Glob Health","2024","2024/11/24","PMC11590778","","10.1136/bmjgh-2024-016093"
"40206159","Decolonizing global health research: experiences from the women in health and their economic, equity and livelihood statuses during emergency preparedness and response (WHEELER) study","Adam A, Lazarus L, Kina B, Lorway R, Mazoya B, Mantel M, Temmerman M, Avery L, Langat E.","Front Public Health. 2025 Mar 26;13:1578964. doi: 10.3389/fpubh.2025.1578964. eCollection 2025.","Adam A","Front Public Health","2025","2025/04/10","PMC11978830","","10.3389/fpubh.2025.1578964"
"39600732","Bridging Data Gaps: Predicting Sub-national Maternal Mortality Rates in Kenya Using Machine Learning Models","Mwaura HM, Kamanu TK, Kulohoma BW.","Cureus. 2024 Oct 27;16(10):e72476. doi: 10.7759/cureus.72476. eCollection 2024 Oct.","Mwaura HM","Cureus","2024","2024/11/27","PMC11590391","","10.7759/cureus.72476"
"38300845","Women Anesthesiologists in Sub-Saharan Africa in the Pre-COVID Era: A Multinational Demographic Study","Ki BK, Onajin-Obembe B, Adekola O, Baele PL, Binam F, Daddy H, Diouf E, Fanou L, Gathuya ZN, Igaga EN, Jeque E, Mawandza P, Nabukenya MT, Nabulindo SM, Nicole Rakotoarison RC, Robert AR, Schwalbach T, Uwambazimana JD, Vilasco B, Zomahoun L.","Anesth Analg. 2024 Jul 1;139(1):4-14. doi: 10.1213/ANE.0000000000006868. Epub 2024 Feb 1.","Ki BK","Anesth Analg","2024","2024/02/01","PMC11155285","","10.1213/ANE.0000000000006868"
"40388952","Safety and broad immunogenicity of HIVconsvX conserved mosaic candidate T-cell vaccines vectored by ChAdOx1 and MVA in HIV-CORE 006: a double-blind, randomised, placebo-controlled phase 1 trial in healthy adults living without HIV-1 in eastern and southern Africa","Chanda C, Kibengo F, Mutua M, Ogada F, Muturi-Kioi V, Akis Yildirim BM, Amondi M, Baines A, Basajja V, Borthwick N, Bosire K, Chambula E, Chetty P, Chinyenze K, Chirro O, Crook A, De Bont J, Fernandez N, Ejou P, Farah B, Glaze M, Gombe B, Gumbe A, Hayes P, Itwi S, Juma S, Kabarambi A, Kabengele C, Kafeero P, Kakande A, Kanungi J, Kidega W, King D, Mahira R, Malogo R, Matsoso M, Michelo C, Moyo A, Mugaba S, Mugenya I, Muhumuza P, Mujadidi YF, Muriuki M, Musale V, Mutua G, Muwowo M, Mwale F, Mwangi I, Nakimbugwe M, Namuyanja A, Nduati E, Nielsen L, Nyange J, Oino G, Okech B, Omosa-Manyonyi G, Otieno D, Palmer S, Phiri H, Ramko K, Rutishauser RL, Sayeed E, Sajabi R, Serwanga J, G-T Wee E, Wenden C, Cicconi P, Fast P, Gilmour J, Jaoko W, Kaleebu P, Kilembe W, Kuipers H, Sanders EJ, Hanke T.","Lancet Microbe. 2025 Jun;6(6):101041. doi: 10.1016/j.lanmic.2024.101041. Epub 2025 May 16.","Chanda C","Lancet Microbe","2025","2025/05/19","PMC12134052","","10.1016/j.lanmic.2024.101041"
"40356727","Enhancing health security in Africa: Collaboration between public health institutes and academia","Kambugu A, Ayebare RR, Kakooza F, Kiragga A, Tsegaye A, Yeboah G, Mbabazi L, Muwonge T, Shaweno T, Dereje N, Gonese E, Fallah MP, Raji T, Ngongo N, Kaseya J.","J Public Health Afr. 2025 Apr 16;16(1):780. doi: 10.4102/jphia.v16i1.780. eCollection 2025.","Kambugu A","J Public Health Afr","2025","2025/05/13","PMC12067587","","10.4102/jphia.v16i1.780"
"40256582","First Malaria Vaccine RTS, S: A Step toward the Eradication of Malaria","Bhattacharya N, Bhattacharya A.","Arch Razi Inst. 2024 Aug 1;79(4):679-683. doi: 10.32592/ARI.2024.79.4.679. eCollection 2024 Aug.","Bhattacharya N","Arch Razi Inst","2024","2025/04/21","PMC12004058","","10.32592/ARI.2024.79.4.679"
"39890559","A decade of rotavirus vaccination in the World Health Organization African Region: An in-depth analysis of vaccine coverage from 2012 to 2023","Mwenda JM, Mandomando I, Worwui AK, Gacic-Dobo M, Katsande R, Bwaka AM, Messa A Jr, Kiulia NM, Massora S, Garrine M, Weldegebriel GG, Biey JN, Mitula P, Wiysonge CS, Paluku G, Mumba M, Wanyoike SW, Impouma B.","Vaccine. 2025 Feb 27;48:126768. doi: 10.1016/j.vaccine.2025.126768. Epub 2025 Jan 30.","Mwenda JM","Vaccine","2025","2025/01/31","","","10.1016/j.vaccine.2025.126768"
"39317469","Political decision-makers and mathematical modellers of infectious disease outbreaks: the sweet spot for engagement","van Elsland SL, Christen P.","BMJ Glob Health. 2024 Sep 24;9(9):e015155. doi: 10.1136/bmjgh-2024-015155.","van Elsland SL","BMJ Glob Health","2024","2024/09/24","PMC11429263","","10.1136/bmjgh-2024-015155"
"39116080","Transmission of SARS-CoV-2 among underserved pastoralist communities in Kajiado County, Kenya: 2020-2022","Macharia Z, Ogoti B, Otieno M, Gitonga P, Bosco-Lauth A, Maritim M, Lemarkoko E, Keya A, Sankok J, Gitao G, Onono J, Oyugi J, Bowen RA.","PLoS One. 2024 Aug 8;19(8):e0308318. doi: 10.1371/journal.pone.0308318. eCollection 2024.","Macharia Z","PLoS One","2024","2024/08/08","PMC11309416","","10.1371/journal.pone.0308318"
"38932428","Accelerating Global Measles and Rubella Eradication-Saving Millions of Lives, Preventing Disability, and Averting the Next Pandemic","Durrheim DN, Andrus JK, Tabassum S, Githanga D, Kojouharova M, Talab N.","Vaccines (Basel). 2024 Jun 20;12(6):699. doi: 10.3390/vaccines12060699.","Durrheim DN","Vaccines (Basel)","2024","2024/06/27","PMC11209210","","10.3390/vaccines12060699"
"40081400","A multifaceted intervention to improve diagnosis and early management of hospitalised patients with suspected acute brain infections in Brazil, India, and Malawi: an international multicentre intervention study","Singh B, Lipunga GD, Thangavelu P, Dhar S, Ferreira Cronemberger L, Abhilash KPP, Abraham AM, de Brito CAA, Brito Ferreira ML, Chandrashekar N, Duarte R, Fajardo Modol A, Ghale BC, Kang G, Gowda VK, Kuriakose K, Lant S, Mallewa M, Mbale E, Moore SC, Mwangalika G, Kamath PBT, Navvuga P, Nyondo-Mipando AL, Phiri TJ, Pimentel Lopes de Melo C, Pradeep BS, Rawlinson R, Sheha I, Thomas PT, Newton CR, de Sequeira PC, Sejvar JJ, Dua T, Turtle L, Verghese VP, Arraes LWMS, Desmond N, Easton A, Jones JA, Lilford RJ, Netravathi M, McGill F, Michael BD, Mwapasa V, Griffiths MJ, Parry CM, Ravi V, Burnside G; Brain Infections Global Intervention Study Group; Cornick J, França RFO, Desai AS, Rupali P, Solomon T.","Lancet. 2025 Mar 22;405(10483):991-1003. doi: 10.1016/S0140-6736(25)00263-6. Epub 2025 Mar 10.","Singh B","Lancet","2025","2025/03/13","","","10.1016/S0140-6736(25)00263-6"
"40240055","Improving risk analysis of the environmental drivers of the spillover, emergence/re-emergence and spread of Crimean-Congo haemorrhagic fever virus, Marburg virus and Middle East respiratory syndrome coronavirus in the East Africa Region","Ajumobi O, Davis M, George CM, Rosman L, Von Dobschuetz S, Watson C, Nuzzo JB.","BMJ Glob Health. 2025 Apr 16;10(4):e019162. doi: 10.1136/bmjgh-2025-019162.","Ajumobi O","BMJ Glob Health","2025","2025/04/16","PMC12004484","","10.1136/bmjgh-2025-019162"
"40467089","Importance of outbreak response research in bridging knowledge gaps on emerging infectious diseases","Breiman RF, Osoro E, Reithinger R, Wang D, Diamond M, Van Voorhis WC, Wasserheit JN, Rabinowitz PM, Mboup S, Hemingway-Foday JJ, de Oliveira T, Boon ACM, Schieffelin JS, Sempowski GD, Moody MA, Vasilakis N, Hanley KA, Nasimiyu C, Situma S, Ngere I, Kyobe Bosa H, Nyakarahuka L, Bakamutumaho B, Woodson SE, Njenga MK.","BMJ Glob Health. 2025 Jun 4;10(6):e018297. doi: 10.1136/bmjgh-2024-018297.","Breiman RF","BMJ Glob Health","2025","2025/06/04","PMC12142168","","10.1136/bmjgh-2024-018297"
"39672259","Advancing vaccine research in Africa: A comprehensive analysis of vaccine clinical trials landscape","Mathebula L, Malinga T, Iwu-Jaja C, Ndwandwe D.","Contemp Clin Trials. 2025 Feb;149:107779. doi: 10.1016/j.cct.2024.107779. Epub 2024 Dec 12.","Mathebula L","Contemp Clin Trials","2025","2024/12/13","","","10.1016/j.cct.2024.107779"
"39965017","Persistently high TB prevalence in Nairobi County neighbourhoods, 2015-2022","Ong'ang'o JR, Ross J, Kiplimo R, Kerama C, Tram KH, Zifodya JS, Mukiri N, Nyadimo E, Njoroge M, Ronoh A, Kathure I, Kirathe D, Hawn TR, Nduba V, Horne DJ.","PLOS Glob Public Health. 2025 Feb 18;5(2):e0003849. doi: 10.1371/journal.pgph.0003849. eCollection 2025.","Ong'ang'o JR","PLOS Glob Public Health","2025","2025/02/18","PMC11835327","","10.1371/journal.pgph.0003849"
"39741624","Sustainable integration of artificial intelligence and machine learning approaches within the African infectious disease vaccine research and development ecosystem","Hare J, Nielsen M, Kiragga A, Ochiel D.","Front Pharmacol. 2024 Dec 17;15:1499079. doi: 10.3389/fphar.2024.1499079. eCollection 2024.","Hare J","Front Pharmacol","2024","2025/01/01","PMC11685015","","10.3389/fphar.2024.1499079"
"39407228","A recent history of disease outbreaks in Kenya, 2007-2022: Findings from routine surveillance data","Geteri F, Dawa J, Gachohi J, Kadivane S, Humwa F, Okunga E.","BMC Res Notes. 2024 Oct 15;17(1):309. doi: 10.1186/s13104-024-06930-5.","Geteri F","BMC Res Notes","2024","2024/10/15","PMC11481684","","10.1186/s13104-024-06930-5"
"39300437","Suspected poor-quality medicines in Kenya: a retrospective descriptive study of medicine quality-related complaints reports in Kenya's pharmacovigilance database","Toroitich AM, Armitage R, Tanna S.","BMC Public Health. 2024 Sep 19;24(1):2561. doi: 10.1186/s12889-024-20036-4.","Toroitich AM","BMC Public Health","2024","2024/09/19","PMC11414318","","10.1186/s12889-024-20036-4"
"39819576","Improving capacity for advanced training in obstetric surgery: evaluation of a blended learning approach","Allott H, Smith A, White S, Nyaoke I, Evans O, Oduor MO, Karangau S, Sawe S, Shaaban N, Ephraim O, Ameh CA.","BMC Med Educ. 2025 Jan 17;25(1):80. doi: 10.1186/s12909-025-06660-7.","Allott H","BMC Med Educ","2025","2025/01/17","PMC11740444","","10.1186/s12909-025-06660-7"
"40280144","The aetiologies, mortality, and disability of non-traumatic coma in African children: a systematic review and meta-analysis","Ray STJ, Fuller CE, Boubour A, Tshimangani T, Kafoteka E, Muiruri-Liomba A, Malenga A, Tebulo A, Pensulo P, Gushu MB, Nielsen M, Raees M, Stockdale E, Langton J, Birbeck GL, Waithira N, Bonnett LJ, Henrion MY, Fink EL, Postels DG, O'Brien N, Page AL, Baron E, Gordon SB, Molyneux E, Dondorp A, George EC, Maitland K, Michael BD, Solomon T, Chimalizeni Y, Lalloo DG, Moxon CA, Taylor T, Mallewa M, Idro R, Seydel K, Griffiths MJ.","Lancet Glob Health. 2025 Jun;13(6):e1043-e1056. doi: 10.1016/S2214-109X(25)00055-5. Epub 2025 Apr 22.","Ray STJ","Lancet Glob Health","2025","2025/04/25","","","10.1016/S2214-109X(25)00055-5"
"39536155","Ethical Issues Faced by Data Monitoring Committees: Results from an Exploratory Qualitative Study","Shah SK, Ibrahim A, Hinga A, Vintimilla D, Jones M, Rid A, Eckstein L, Kamuya D.","Ethics Hum Res. 2024 Nov-Dec;46(6):2-13. doi: 10.1002/eahr.500227.","Shah SK","Ethics Hum Res","2024","2024/11/13","","","10.1002/eahr.500227"
"38985722","High STI burden among a cohort of adolescents aged 12-19 years in a youth-friendly clinic in South Africa","Price MA, Kuteesa M, Oladimeji M, Brumskine W, Edward V, Makkan H, Mthembu F, Muturi-Kioi V, Chetty-Makkan C, Maenetje P.","PLoS One. 2024 Jul 10;19(7):e0306771. doi: 10.1371/journal.pone.0306771. eCollection 2024.","Price MA","PLoS One","2024","2024/07/10","PMC11236123","","10.1371/journal.pone.0306771"
"40069614","The vast majority of SARS-CoV-2 infections were asymptomatic in a clinic-based cohort of people with and without HIV in four African countries","Langat R, Burns N, Daud I, Kibuuka H, Owuoth J, Sing'oei V, Maswai J, Parker Z, Tiamiyu A, Bahemana E, Gervas R, Dear NF, Frndak S, Parikh AP, Duff ER, Imbach M, Omar B, Hern J, Shah N, Ake JA, Crowell TA, Romo ML; AFRICOS Study Group.","BMC Infect Dis. 2025 Mar 12;25(1):345. doi: 10.1186/s12879-025-10692-1.","Langat R","BMC Infect Dis","2025","2025/03/12","PMC11899316","","10.1186/s12879-025-10692-1"
"39861917","Low-Level Zoonotic Transmission of Clade C MERS-CoV in Africa: Insights from Scoping Review and Cohort Studies in Hospital and Community Settings","Karani A, Ombok C, Situma S, Breiman R, Mureithi M, Jaoko W, Njenga MK, Ngere I.","Viruses. 2025 Jan 17;17(1):125. doi: 10.3390/v17010125.","Karani A","Viruses","2025","2025/01/25","PMC11768526","","10.3390/v17010125"
"39841419","Identification of a new alphacoronavirus (Coronaviridae: Alphacoronavirus) associated with the greater horseshoe bat (Rhinolophus ferrumequinum) in the south of European part of Russia","Lenshin SV, Vishnevskaya TV, Romashin AV, Bulycheva YI, Vyshemirsky OI, Solovyeva SA, Gitelman AK, Pazilin AS, Lvov DK, Hu B, Shi Z, Alkhovsky SV.","Vopr Virusol. 2024 Dec 15;69(6):546-557. doi: 10.36233/0507-4088-279.","Lenshin SV","Vopr Virusol","2024","2025/01/22","","","10.36233/0507-4088-279"
"39360262","Diagnostics for detection and surveillance of priority epidemic-prone diseases in Africa: an assessment of testing capacity and laboratory strengthening needs","Ashenafi A, Sule O, Peter T, Mashate S, Otieno O, Kebede A, Oio J, Kao K, Carter J, Whistler T, Ndlovu N, Kebede Y.","Front Public Health. 2024 Sep 18;12:1438334. doi: 10.3389/fpubh.2024.1438334. eCollection 2024.","Ashenafi A","Front Public Health","2024","2024/10/03","PMC11445050","","10.3389/fpubh.2024.1438334"
"40285000","A Novel Nobecovirus in an Epomophorus wahlbergi Bat from Nairobi, Kenya","VanAcker MC, Ergunay K, Webala PW, Kamau M, Mutura J, Lebunge R, Ochola GO, Bourke BP, McDermott EG, Achee NL, Jiang L, Grieco JP, Keter E, Musanga A, Murray S, Stabach JA, Craft ME, Fèvre EM, Linton YM, Hassell J.","Viruses. 2025 Apr 12;17(4):557. doi: 10.3390/v17040557.","VanAcker MC","Viruses","2025","2025/04/26","PMC12031378","","10.3390/v17040557"
"38692139","Collection and transportation of SARS-CoV-2 and influenza A virus diagnostic samples: Optimizing the usage of guanidine-based chaotropic salts for enhanced biosafety and viral genome preservation","Komu JG, Jamsransuren D, Matsuda S, Ogawa H, Takeda Y.","Biochem Biophys Res Commun. 2024 Jun 30;715:149994. doi: 10.1016/j.bbrc.2024.149994. Epub 2024 Apr 23.","Komu JG","Biochem Biophys Res Commun","2024","2024/05/01","","","10.1016/j.bbrc.2024.149994"
"39882490","Peer-to-peer tele-consultative services for critical care, Afghanistan, Kenya, Pakistan, United Republic of Tanzania","Latif A, Atiq H, Zaki M, Hussain SA, Ghayas A, Shafiq O, Daudpota AA, Abbas Q, Ariff S, Asghar MA, Khan MF, Khan MH, Rashid N, Sabeen A, Sohaib M, Ullah H, Munir T, Hassan MM, Sami K, Amin SK, Samad Z, Haider A.","Bull World Health Organ. 2025 Feb 1;103(2):90-98. doi: 10.2471/BLT.23.290926. Epub 2024 Dec 4.","Latif A","Bull World Health Organ","2025","2025/01/30","PMC11774226","","10.2471/BLT.23.290926"
"39798581","Procalcitonin-guided duration of antibiotic treatment in children hospitalised with confirmed or suspected bacterial infection in the UK (BATCH): a pragmatic, multicentre, open-label, two-arm, individually randomised, controlled trial","Waldron CA, Pallmann P, Schoenbuchner S, Harris D, Brookes-Howell L, Mateus C, Bernatoniene J, Cathie K, Faust SN, Hinds L, Hood K, Huang C, Jones S, Kotecha S, Nabwera HM, Patel S, Paulus SC, Powell CVE, Preston J, Xiang H, Thomas-Jones E, Carrol ED; BATCH Trial Team.","Lancet Child Adolesc Health. 2025 Feb;9(2):121-130. doi: 10.1016/S2352-4642(24)00306-7. Epub 2025 Jan 9.","Waldron CA","Lancet Child Adolesc Health","2025","2025/01/11","","","10.1016/S2352-4642(24)00306-7"
"39901098","Residence-based disparities of composite index of anthropometric failures in East African under five children; multivariate decomposition analysis","Ayres A, Tsega Y, Endawkie A, Kebede SD, Abeje ET, Enyew EB, Daba C, Asmare L, Muche A, Bayou FD, Arefaynie M, Mekonen AM, Tareke AA, Keleb A, Abera KM, Kebede N, Gebeyehu EM.","BMC Public Health. 2025 Feb 3;25(1):430. doi: 10.1186/s12889-025-21634-6.","Ayres A","BMC Public Health","2025","2025/02/03","PMC11792190","","10.1186/s12889-025-21634-6"
"40326760","Characterization of SARS-CoV-2 intrahost genetic evolution in vaccinated and non-vaccinated patients from the Kenyan population","Lugano D, Mwangi K, Mware B, Kibet G, Osiany S, Kiritu E, Dobi P, Muli C, Njeru R, de Oliveira T, Njenga MK, Routh A, Oyola SO.","J Virol. 2025 May 6:e0048225. doi: 10.1128/jvi.00482-25. Online ahead of print.","Lugano D","J Virol","2025","2025/05/06","","","10.1128/jvi.00482-25"
"40093225","Characterization of SARS-CoV-2 intrahost genetic evolution in vaccinated and non-vaccinated patients from the Kenyan population","Lugano D, Mwangi K, Mware B, Kibet G, Osiany S, Kiritu E, Dobi P, Muli C, Njeru R, de Oliveira T, Njenga MK, Routh A, Oyola SO.","medRxiv [Preprint]. 2025 Mar 7:2025.03.03.25323296. doi: 10.1101/2025.03.03.25323296.","Lugano D","medRxiv","2025","2025/03/17","PMC11908290","","10.1101/2025.03.03.25323296"
"40460588","Post-mortem study of endemic human coronaviruses (HCoV-NL63, OC43, 229E and HKU-1) in deaths of children under five in low- and middle-income countries: Findings from the Child Health and Mortality Prevention Surveillance (CHAMPS) study","Baillie V, Dangor Z, Blau DM, Mahtab S, du Toit J, Assefa N, Oundo J, Kidanemariam ZT, Scott JAG, Ameh S, Ogbuanu IU, Ojulong J, Bunn J, Kotloff KL, Sow SO, Tapia MD, Keita AM, Garrine M, Mandomando I, Varo R, Xerinda EG, Rakislova N, Alam M, El Arifeen S, Gurley ES, Hossain MZ, Rahman A, Akelo V, Onyango C, Onyango D, Mutevedzi PC, Whitney CG, Bassat Q, Madhi SA; CHAMPS Consortium.","J Clin Virol. 2025 Jun;178:105804. doi: 10.1016/j.jcv.2025.105804. Epub 2025 May 27.","Baillie V","J Clin Virol","2025","2025/06/03","","","10.1016/j.jcv.2025.105804"
"40297350","Breathing together: A global hashtag analysis of #LungHealth on platform X (formerly Twitter)","Rosamystica M, Gore S, Sarangi S, Matin M, Atanasov AG, Arshad Z, Kashyap R, Nawaz FA.","Digit Health. 2025 Apr 16;11:20552076251335717. doi: 10.1177/20552076251335717. eCollection 2025 Jan-Dec.","Rosamystica M","Digit Health","2025","2025/04/29","PMC12035113","","10.1177/20552076251335717"
"39370134","Death anxiety among the oldest old in Germany. Evidence from the nationally representative 'Old Age in Germany (D80+)'","Hajek A, Jacob L, Pengpid S, Peltzer K, Gyasi RM, Soysal P, Veronese N, Kostev K, Aarabi G, König HH.","Psychogeriatrics. 2024 Nov;24(6):1347-1355. doi: 10.1111/psyg.13200. Epub 2024 Oct 6.","Hajek A","Psychogeriatrics","2024","2024/10/06","","","10.1111/psyg.13200"
"40466015","Results of Five Years of a Cancer Patient Navigation Training Program for Limited-Resource Settings in the Caribbean and Africa","Badal K, Monroe N, Mohamed A, Maniam A, Badal M, Maharaj K.","JCO Glob Oncol. 2025 Jun;11:e2400535. doi: 10.1200/GO-24-00535. Epub 2025 Jun 4.","Badal K","JCO Glob Oncol","2025","2025/06/04","","","10.1200/GO-24-00535"
"40350193","PREgnancy Care Integrating translational Science, Everywhere (PRECISE): a prospective cohort study of African pregnant and non-pregnant women to investigate placental disorders - cohort profile","Craik R, Akuze J, Volvert ML, Blencowe H, Mukhanya M, Makanga PT, Tchavana C, Moore SE, Vala A, Koech A, Tribe RM, Noble A, Bah B, D'Alessandro U, Vidler M, Tu D, Maculuve S, Wanje O, Idris Y, Mwashigadi G, Ochieng M, Filippi V, Roca A, Magee LA, Poston L, Mistry HD, Bah Y, Li J, Temmerman M, Sevene E, Jah H, Mwadime E, Barratt B, Papageorghiou AT, Makacha L, Quimice L, Touray F, Salisbury T, Kongira F, von Dadelszen P; PRECISE Network.","BMJ Open. 2025 May 11;15(5):e091831. doi: 10.1136/bmjopen-2024-091831.","Craik R","BMJ Open","2025","2025/05/11","PMC12067852","","10.1136/bmjopen-2024-091831"
"39780210","A blended learning approach for capacity strengthening to improve the quality of integrated HIV, TB, and malaria services during antenatal and postnatal care in LMICs: a feasibility study","Ladur AN, Egere U, Ravit M, Mgawadere F, Murray C, White SA, Hauwa M, Mutai R, Nyaga L, Duncan S, Bashir I, Ayinde OO, Bakar R, Katalambula L, Federici C, Torbica A, Furtado N, Kumah EA, Ameh C.","BMC Med Educ. 2025 Jan 8;25(1):35. doi: 10.1186/s12909-024-06633-2.","Ladur AN","BMC Med Educ","2025","2025/01/09","PMC11715178","","10.1186/s12909-024-06633-2"
"40498692","Gaps and opportunities for data systems and economics to support priority setting for climate-sensitive infectious diseases in sub-Saharan Africa: A rapid scoping review","Delight EA, Brunn AA, Ruiz F, Gerard J, Falconer J, Liu Y, Bah B, Bett B, Uzochukwu B, Oloko OK, Njuguna E, Murray KA.","PLOS Glob Public Health. 2025 Jun 11;5(6):e0003814. doi: 10.1371/journal.pgph.0003814. eCollection 2025.","Delight EA","PLOS Glob Public Health","2025","2025/06/11","PMC12157337","","10.1371/journal.pgph.0003814"
"39509899","Facilitating self-testing with a fast, accurate, and simplified shelf-stable colorimetric LAMP system for Mpox and SARS-CoV-2 detection","Odiwuor N, Li J, He P, Wang N, Murtaza A, Jiang M, Yu J, Wei H.","Talanta. 2025 Feb 1;283:127119. doi: 10.1016/j.talanta.2024.127119. Epub 2024 Nov 4.","Odiwuor N","Talanta","2025","2024/11/07","","","10.1016/j.talanta.2024.127119"
"40261064","Longitudinal dynamics of the nasopharyngeal microbiome in response to SARS-CoV-2 Omicron variant and HIV infection in Kenyan women and their children","Žuštra A, Leonard VR, Holland LA, Hu JC, Mu T, Holland SC, Wu LI, Begnel ER, Ojee E, Chohan BH, Richardson BA, Kinuthia J, Wamalwa D, Slyker J, Lehman DA, Gantt S, Lim ES.","mSystems. 2025 May 20;10(5):e0156824. doi: 10.1128/msystems.01568-24. Epub 2025 Apr 22.","Žuštra A","mSystems","2025","2025/04/22","PMC12090742","","10.1128/msystems.01568-24"
"40283834","Enhancing Intersectoral Collaboration in Maternal Healthcare for the Realization of Universal Health Coverage in Kenya: The Perspectives of Health Facility Administrators in Kilifi County, Kenya","Ombere SO.","Int J Environ Res Public Health. 2025 Apr 14;22(4):610. doi: 10.3390/ijerph22040610.","Ombere SO","Int J Environ Res Public Health","2025","2025/04/26","PMC12026648","","10.3390/ijerph22040610"
"40433624","Experiences with the Implementation of Cuban Health Cooperation Programs in Low and Middle-Income Countries: A Scoping Review","Njiriri F, Nyanchoka M, Nzinga J, Tsofa B.","Wellcome Open Res. 2025 Mar 28;10:167. doi: 10.12688/wellcomeopenres.23844.1. eCollection 2025.","Njiriri F","Wellcome Open Res","2025","2025/05/28","PMC12107231","","10.12688/wellcomeopenres.23844.1"
"38966817","Drug repositioning identifies salvinorin A and deacetylgedunin (DCG) enriched plant extracts as novel inhibitors of Mpro, RBD-ACE2 and TMPRRS2 proteins","Shayo MJ, Samwel B, Shadrack DM, Cassel J, Salvino JM, Montaner LJ, Deogratias G, Tietjen I, Kiruri L, Hilonga S, Innocent E.","RSC Adv. 2024 Jul 4;14(29):21203-21212. doi: 10.1039/d4ra02593h. eCollection 2024 Jun 27.","Shayo MJ","RSC Adv","2024","2024/07/05","PMC11223729","","10.1039/d4ra02593h"
"40107130","Challenges and lessons learned during the switching of rotavirus vaccine from Rotarix to Rotavac in Zambia","Mpabalwani EM, Sakala C, Kamiji E, Simwaka J, Soko J, Kabwe M, Chisanga A, Chisanga K, Sakala J, Kiulia NM, Sakubita P, Kalesha-Masumbu P, Bakyaita N, Worwui AK, Mwenda JM.","Vaccine. 2025 May 10;55:127012. doi: 10.1016/j.vaccine.2025.127012. Epub 2025 Mar 18.","Mpabalwani EM","Vaccine","2025","2025/03/19","","","10.1016/j.vaccine.2025.127012"
"39666656","Using knowledge translation to support the use of evaluation findings: A case study of the linda mama free maternity program in Kenya","Guleid FH, Orangi S, Kairu A, Arwa B, Keru J, Musuva A, Vilcu I, Pattnaik A, Ravishankar N, Barasa E.","PLOS Glob Public Health. 2024 Dec 12;4(12):e0003961. doi: 10.1371/journal.pgph.0003961. eCollection 2024.","Guleid FH","PLOS Glob Public Health","2024","2024/12/12","PMC11637383","","10.1371/journal.pgph.0003961"
"40438621","A qualitative study on the challenges of clinical leadership in an HIV care system: insights from healthcare providers in Eldoret, Kenya","Cherop F, Korir M, Bagire V, Kimwolo A, Naanyu V, Wachira J.","Front Health Serv. 2025 May 14;5:1404902. doi: 10.3389/frhs.2025.1404902. eCollection 2025.","Cherop F","Front Health Serv","2025","2025/05/29","PMC12116568","","10.3389/frhs.2025.1404902"
"39374972","None of us are prepared unless all of us are prepared: research for the next health shock must be inclusive and equitable","Okereke E, Gombe S, Onyango O.","BMJ. 2024 Oct 7;387:q2110. doi: 10.1136/bmj.q2110.","Okereke E","BMJ","2024","2024/10/07","PMC11450879","","10.1136/bmj.q2110"
"39993071","Central-variant posterior reversible encephalopathy syndrome in association with adrenal insufficiency: A case report","Srichawla BS, Kipkorir V, Lalla R.","Medicine (Baltimore). 2025 Feb 21;104(8):e41625. doi: 10.1097/MD.0000000000041625.","Srichawla BS","Medicine (Baltimore)","2025","2025/02/24","PMC11856943","","10.1097/MD.0000000000041625"
"39469215","Corrigendum: SARS-CoV-2 seroprevalence in pregnant women in Kilifi, Kenya from March 2020 to March 2022","Koech A, Omuse G, Mugo AG, Mwaniki IG, Mutunga JM, Mukhanya MW, Wanje O, Mwashigadi GM, Katana GG, Craik R, von Dadelszen P, Le Doare K, Temmerman M; periCOVID-Africa; PRECISE Network.","Front Public Health. 2024 Oct 14;12:1500467. doi: 10.3389/fpubh.2024.1500467. eCollection 2024.","Koech A","Front Public Health","2024","2024/10/29","PMC11513568","","10.3389/fpubh.2024.1500467"
"39921609","Adenovirus-Specific T Cells in Adults Are Frequent, Cross-Reactive to Common Childhood Adenovirus Infections and Boosted by Adenovirus-Vectored Vaccines","Mukhopadhyay R, Lambisia AW, Hoang JP, Ravenhill BJ, Agoti CN, Krishna BA, Houldcroft CJ.","J Med Virol. 2025 Feb;97(2):e70222. doi: 10.1002/jmv.70222.","Mukhopadhyay R","J Med Virol","2025","2025/02/08","PMC11806872","","10.1002/jmv.70222"
"40496022","Profile: The Kenya Multi-Site Serosurveillance (KEMIS) collaboration","Kagucia EW, Voller S, Ziraba AK, Bigogo G, Munywoki PK, Makobu K, Nokes DJ, Nyagwange J, Orlendo C, Akech D, Sigilai A, Onyango C, Juma B, Herman-Roloff A, Munyua P, Apondi C, Lidechi S, Audi A, Ouma A, Aol G, Misore T, Nasimiyu C, Onyango D, Lo T, Kasera K, Jalang'o R, Kingwara L, Adetifa I, Etyang AO, Warimwe G, Agweyu A, Scott JAG.","Gates Open Res. 2025 Feb 27;8:60. doi: 10.12688/gatesopenres.15569.2. eCollection 2024.","Kagucia EW","Gates Open Res","2025","2025/06/11","PMC12149407","","10.12688/gatesopenres.15569.2"
"39906674","Impact of Mobile Health (mHealth) Use by Community Health Workers on the Utilization of Maternity Care in Rural Malawi: A Time Series Analysis","Kachimanga C, Ng'ambi WF, Kazinga D, Ndarama E, Amulele MA, Munyaneza F, Abejirinde IO, van den Akker T, Kulinkina AV.","Int J Womens Health. 2025 Jan 31;17:245-257. doi: 10.2147/IJWH.S497100. eCollection 2025.","Kachimanga C","Int J Womens Health","2025","2025/02/05","PMC11792625","","10.2147/IJWH.S497100"
"40504856","Understanding the drivers of poor infection prevention control (IPC) practices in Kenyan health facilities: An interdisciplinary study","Brown H, Odhiambo A, Mwaki A, Atieno N, Ouda R, Ngere I.","PLOS Glob Public Health. 2025 Jun 12;5(6):e0004404. doi: 10.1371/journal.pgph.0004404. eCollection 2025.","Brown H","PLOS Glob Public Health","2025","2025/06/12","PMC12161548","","10.1371/journal.pgph.0004404"
"39474253","Successful Repeated Use of a Pathogen Adsorbing Biomimetic Device for the Adjunct Treatment of a SARS-CoV-2 Reinfection and Subsequent Infections with Different Multiresistant Bacteria","Okioma R, Soki K, Hay A, Kielstein JT.","Case Rep Nephrol Dial. 2024 Oct 17;14(1):171-177. doi: 10.1159/000541422. eCollection 2024 Jan-Dec.","Okioma R","Case Rep Nephrol Dial","2024","2024/10/30","PMC11521500","","10.1159/000541422"
"40472106","Global tracking of marine megafauna space use reveals how to achieve conservation targets","Sequeira AMM, Rodríguez JP, Marley SA, Calich HJ, van der Mheen M, VanCompernolle M, Arrowsmith LM, Peel LR, Queiroz N, Vedor M, da Costa I, Mucientes G, Couto A, Humphries NE, Abalo-Morla S, Abascal FJ, Abercrombie DL, Abrantes K, Abreu-Grobois FA, Afonso AS, Afonso P, Ahonen H, Åkesson S, Alfaro-Shigueto J, Andrews RD, Angelier F, Antonopoulou M, Arata JA, Araujo G, Arauz R, Arcos JM, Arregui I, Arrizabalaga H, Auger-Méthé M, Bach S, Bailleul F, Baird RW, Balazs GH, Barco SG, Barnett A, Baverstock W, Baylis AMM, Beard A, Bécares J, Belda EJ, Bell I, Bennison A, Benson SR, Bernal D, Berumen ML, Bessudo S, Bezerra NPA, Blaison AV, Blanco GS, Block BA, Bolton M, Bond ME, Bonfil R, Braun CD, Broderick AC, Brooke ML, Brooks AML, Brooks EJ, Bruno IM, Burns JM, Byrne ME, Campana SE, Campbell HA, Campbell RA, Carlisle A, Carmichael RH, Carroll G, Casale P, Ceia FR, Chapman DD, Chapple TK, Charrassin JB, Chiaradia A, Chisholm J, Clarke CR, Clay TA, Cleguer C, Clingham E, Clua EEG, Cochran JEM, Constantine R, Cooper RW, Crochelet E, Cronin M, Cuevas E, DaCosta KP, Dagorn L, Daly R, Davis RW, de Bruyn PJN, Delgado-Trejo C, Dellinger T, Derville S, Diamant S, DiMatteo A, et al.","Science. 2025 Jun 5;388(6751):1086-1097. doi: 10.1126/science.adl0239. Epub 2025 Jun 5.","Sequeira AMM","Science","2025","2025/06/05","","","10.1126/science.adl0239"
